date,total_tryons,successful_tryons,failed_tryons,success_rate_pct,avg_processing_time_ms,avg_quality_score,unique_active_users
2025-09-01,18,17,1,94.44,8126,0.86,8
2025-09-02,25,20,5,80.0,9092,0.76,15
2025-09-03,37,31,6,83.78,8707,0.77,18
2025-09-04,24,21,3,87.5,8928,0.8,13
2025-09-05,29,22,7,75.86,8900,0.75,15
2025-09-06,46,39,7,84.78,9331,0.8,20
2025-09-07,29,24,5,82.76,9096,0.79,13
2025-09-08,34,28,6,82.35,9056,0.76,16
2025-09-09,36,35,1,97.22,8551,0.88,16
2025-09-10,30,28,2,93.33,9502,0.88,14
2025-09-11,30,25,5,83.33,9921,0.78,14
2025-09-12,25,22,3,88.0,9896,0.81,14
2025-09-13,24,20,4,83.33,9929,0.79,12
2025-09-14,25,24,1,96.0,8933,0.88,14
2025-09-15,27,24,3,88.89,9650,0.82,13
2025-09-16,24,20,4,83.33,9722,0.78,12
2025-09-17,35,30,5,85.71,9045,0.79,20
2025-09-18,37,33,4,89.19,8936,0.81,20
2025-09-19,40,33,7,82.5,10101,0.76,22
2025-09-20,26,24,2,92.31,8968,0.84,14
2025-09-21,33,29,4,87.88,8293,0.81,18
2025-09-22,20,19,1,95.0,9898,0.87,12
2025-09-23,26,21,5,80.77,9735,0.75,16
2025-09-24,34,31,3,91.18,10256,0.83,22
2025-09-25,37,29,8,78.38,9939,0.73,20
2025-09-26,26,22,4,84.62,8629,0.78,16
2025-09-27,39,35,4,89.74,9273,0.81,24
2025-09-28,29,27,2,93.1,9423,0.84,17
2025-09-29,27,22,5,81.48,9103,0.79,16
2025-09-30,32,29,3,90.62,9891,0.82,17
2025-10-01,32,28,4,87.5,9388,0.81,18
2025-10-02,45,35,10,77.78,9090,0.74,20
2025-10-03,28,22,6,78.57,9660,0.75,15
2025-10-04,31,26,5,83.87,8984,0.78,18
2025-10-05,40,33,7,82.5,9617,0.76,19
2025-10-06,21,20,1,95.24,7978,0.84,14
2025-10-07,36,30,6,83.33,8348,0.78,17
2025-10-08,35,31,4,88.57,10153,0.8,20
2025-10-09,28,24,4,85.71,8788,0.78,14
2025-10-10,37,30,7,81.08,9742,0.75,21
2025-10-11,35,29,6,82.86,8669,0.78,15
2025-10-12,32,28,4,87.5,8866,0.8,17
2025-10-13,37,35,2,94.59,8925,0.87,22
2025-10-14,29,28,1,96.55,10907,0.87,13
2025-10-15,37,35,2,94.59,9211,0.86,18
2025-10-16,55,47,8,85.45,9081,0.79,29
2025-10-17,30,26,4,86.67,7969,0.82,15
2025-10-18,39,35,4,89.74,10061,0.81,20
2025-10-19,29,25,4,86.21,9529,0.79,17
2025-10-20,53,45,8,84.91,9609,0.79,26
2025-10-21,49,44,5,89.8,10053,0.81,27
2025-10-22,34,30,4,88.24,9419,0.81,17
2025-10-23,25,24,1,96.0,9827,0.88,14
2025-10-24,32,28,4,87.5,10434,0.81,15
2025-10-25,43,41,2,95.35,9659,0.86,23
2025-10-26,49,46,3,93.88,9271,0.86,26
2025-10-27,44,39,5,88.64,9119,0.82,25
2025-10-28,23,19,4,82.61,8992,0.78,16
2025-10-29,41,37,4,90.24,9606,0.83,22
2025-10-30,49,41,8,83.67,9420,0.79,28
2025-10-31,43,39,4,90.7,9087,0.84,23
2025-11-01,39,35,4,89.74,9026,0.82,19
2025-11-02,33,28,5,84.85,9863,0.77,19
2025-11-03,50,43,7,86.0,9700,0.82,23
2025-11-04,43,37,6,86.05,9225,0.81,22
2025-11-05,48,38,10,79.17,9283,0.73,28
2025-11-06,45,40,5,88.89,9160,0.82,25
2025-11-07,47,41,6,87.23,9759,0.79,25
2025-11-08,53,47,6,88.68,9242,0.83,26
2025-11-09,48,45,3,93.75,9744,0.85,28
2025-11-10,41,40,1,97.56,9402,0.89,23
2025-11-11,56,51,5,91.07,9510,0.85,31
2025-11-12,52,45,7,86.54,9537,0.8,29
2025-11-13,52,43,9,82.69,8905,0.77,27
2025-11-14,37,32,5,86.49,9471,0.81,23
2025-11-15,30,25,5,83.33,9756,0.78,18
2025-11-16,43,37,6,86.05,9904,0.79,26
2025-11-17,57,46,11,80.7,9433,0.77,33
2025-11-18,42,34,8,80.95,9157,0.77,25
2025-11-19,43,41,2,95.35,8727,0.86,23
2025-11-20,50,48,2,96.0,9706,0.87,26
2025-11-21,52,45,7,86.54,9645,0.82,28
2025-11-22,39,34,5,87.18,9171,0.8,21
2025-11-23,54,48,6,88.89,9726,0.82,27
2025-11-24,59,47,12,79.66,9225,0.74,33
2025-11-25,63,56,7,88.89,10019,0.82,30
2025-11-26,65,55,10,84.62,9246,0.79,39
2025-11-27,47,40,7,85.11,8952,0.79,22
2025-11-28,53,50,3,94.34,8469,0.84,30
2025-11-29,68,59,9,86.76,8562,0.8,33
2025-11-30,62,54,8,87.1,8830,0.81,34
2025-12-01,60,54,6,90.0,9354,0.83,30
2025-12-02,50,45,5,90.0,9548,0.82,28
2025-12-03,54,45,9,83.33,8407,0.77,29
2025-12-04,69,62,7,89.86,9122,0.82,34
2025-12-05,55,50,5,90.91,8901,0.83,29
2025-12-06,42,36,6,85.71,9304,0.78,22
2025-12-07,63,55,8,87.3,9547,0.81,30
2025-12-08,48,43,5,89.58,9511,0.83,23
2025-12-09,44,38,6,86.36,10150,0.8,25
2025-12-10,42,37,5,88.1,9495,0.81,22
2025-12-11,44,39,5,88.64,9566,0.82,26
2025-12-12,50,41,9,82.0,8741,0.77,27
2025-12-13,47,39,8,82.98,8996,0.77,23
2025-12-14,59,46,13,77.97,9458,0.74,33
2025-12-15,63,50,13,79.37,9210,0.74,35
2025-12-16,67,64,3,95.52,8863,0.87,36
2025-12-17,51,40,11,78.43,9920,0.73,28
2025-12-18,38,34,4,89.47,9251,0.82,21
2025-12-19,38,32,6,84.21,9025,0.78,20
2025-12-20,60,51,9,85.0,9581,0.79,29
2025-12-21,59,54,5,91.53,9662,0.83,31
2025-12-22,54,51,3,94.44,9105,0.85,28
2025-12-23,57,51,6,89.47,9056,0.81,30
2025-12-24,42,35,7,83.33,9162,0.76,25
2025-12-25,50,44,6,88.0,9687,0.82,24
2025-12-26,67,61,6,91.04,8906,0.84,36
2025-12-27,50,45,5,90.0,9727,0.82,26
2025-12-28,50,44,6,88.0,8455,0.8,28
2025-12-29,47,40,7,85.11,9776,0.8,23
2025-12-30,53,47,6,88.68,9213,0.83,28
2025-12-31,43,32,11,74.42,9449,0.71,23
2026-01-01,58,50,8,86.21,9190,0.8,28
2026-01-02,53,46,7,86.79,10318,0.82,28
2026-01-03,50,45,5,90.0,8985,0.83,25
2026-01-04,58,51,7,87.93,9494,0.81,32
2026-01-05,43,41,2,95.35,9032,0.85,26
2026-01-06,49,43,6,87.76,8571,0.81,27
2026-01-07,50,45,5,90.0,8574,0.83,25
2026-01-08,49,40,9,81.63,9851,0.75,24
2026-01-09,73,64,9,87.67,9543,0.81,36
2026-01-10,33,27,6,81.82,9202,0.77,21
2026-01-11,39,34,5,87.18,8918,0.83,23
2026-01-12,44,40,4,90.91,8960,0.85,25
2026-01-13,37,36,1,97.3,9407,0.89,18
2026-01-14,64,59,5,92.19,8734,0.84,31
2026-01-15,59,50,9,84.75,9130,0.79,31
2026-01-16,59,57,2,96.61,9082,0.87,31
2026-01-17,54,45,9,83.33,10048,0.77,30
2026-01-18,60,52,8,86.67,9581,0.79,31
2026-01-19,47,42,5,89.36,8747,0.81,27
2026-01-20,60,48,12,80.0,8823,0.76,33
2026-01-21,57,54,3,94.74,10230,0.86,28
2026-01-22,70,60,10,85.71,9898,0.79,39
2026-01-23,68,58,10,85.29,9386,0.79,34
2026-01-24,46,39,7,84.78,9273,0.8,24
2026-01-25,71,62,9,87.32,10040,0.81,38
2026-01-26,73,65,8,89.04,9529,0.82,33
2026-01-27,44,41,3,93.18,8880,0.86,24
2026-01-28,43,35,8,81.4,9302,0.73,26
2026-01-29,72,66,6,91.67,9649,0.84,35
2026-01-30,55,49,6,89.09,9732,0.83,30
2026-01-31,51,46,5,90.2,8546,0.83,25
2026-02-01,49,41,8,83.67,9188,0.78,31
2026-02-02,29,27,2,93.1,9823,0.84,14
2026-02-03,48,45,3,93.75,9271,0.87,26
2026-02-04,53,44,9,83.02,9340,0.77,28
2026-02-05,51,42,9,82.35,8872,0.78,28
2026-02-06,67,54,13,80.6,9525,0.74,37
2026-02-07,42,36,6,85.71,10395,0.8,21
2026-02-08,62,57,5,91.94,8508,0.83,37
2026-02-09,41,40,1,97.56,9245,0.87,21
2026-02-10,45,42,3,93.33,9197,0.86,23
2026-02-11,61,56,5,91.8,9526,0.84,34
2026-02-12,56,50,6,89.29,8813,0.82,30
2026-02-13,82,72,10,87.8,9690,0.81,39
2026-02-14,91,78,13,85.71,9167,0.79,49
2026-02-15,50,41,9,82.0,9179,0.77,30
2026-02-16,50,46,4,92.0,9396,0.84,28
2026-02-17,61,56,5,91.8,9534,0.85,29
2026-02-18,58,56,2,96.55,9289,0.88,29
2026-02-19,56,46,10,82.14,9371,0.76,30
2026-02-20,34,30,4,88.24,9070,0.81,17
2026-02-21,58,50,8,86.21,9747,0.8,35
2026-02-22,59,48,11,81.36,9892,0.76,33
2026-02-23,64,53,11,82.81,9481,0.78,32
2026-02-24,54,47,7,87.04,10116,0.79,27
2026-02-25,70,66,4,94.29,8621,0.85,34
2026-02-26,55,50,5,90.91,10020,0.84,28
2026-02-27,83,66,17,79.52,9976,0.75,37
2026-02-28,68,59,9,86.76,9439,0.81,29
2026-03-01,49,39,10,79.59,9269,0.76,28
2026-03-02,61,45,16,73.77,9400,0.71,33
2026-03-03,43,37,6,86.05,9954,0.79,23
2026-03-04,50,45,5,90.0,9649,0.83,30
2026-03-05,52,46,6,88.46,8970,0.81,25
2026-03-06,56,50,6,89.29,9582,0.83,28
2026-03-07,56,49,7,87.5,9207,0.82,32
2026-03-08,52,48,4,92.31,8542,0.84,28
2026-03-09,69,62,7,89.86,9038,0.82,35
2026-03-10,54,47,7,87.04,9135,0.8,28
2026-03-11,48,42,6,87.5,9304,0.8,26
2026-03-12,57,51,6,89.47,9844,0.83,30
2026-03-13,47,43,4,91.49,8918,0.84,23
2026-03-14,53,47,6,88.68,8980,0.82,31
2026-03-15,47,45,2,95.74,9654,0.87,28
2026-03-16,45,40,5,88.89,9621,0.81,26
2026-03-17,41,35,6,85.37,9308,0.8,21
2026-03-18,52,42,10,80.77,9378,0.76,25
2026-03-19,38,33,5,86.84,9486,0.81,22
2026-03-20,77,63,14,81.82,9549,0.76,42
2026-03-21,52,45,7,86.54,9583,0.8,25
2026-03-22,32,26,6,81.25,9399,0.77,19
2026-03-23,47,41,6,87.23,8256,0.81,25
2026-03-24,62,54,8,87.1,8986,0.81,37
2026-03-25,74,62,12,83.78,9671,0.77,35
2026-03-26,32,29,3,90.62,9422,0.85,15
2026-03-27,37,31,6,83.78,8827,0.77,22
2026-03-28,59,52,7,88.14,9597,0.8,31
2026-03-29,43,33,10,76.74,8833,0.72,23
2026-03-30,52,48,4,92.31,9844,0.83,29
2026-03-31,45,39,6,86.67,9331,0.8,22
