time_key,full_timestamp,hour,day,week,month,year,weekday_or_weekend
2026082818,2026-08-28 18:44:27,18,28,34,8,2026,Weekday
2026082903,2026-08-29 03:44:27,3,29,34,8,2026,Weekend
2026082914,2026-08-29 14:44:27,14,29,34,8,2026,Weekend
2026082921,2026-08-29 21:44:27,21,29,34,8,2026,Weekend
2026082922,2026-08-29 22:44:27,22,29,34,8,2026,Weekend
2026083005,2026-08-30 05:44:27,5,30,35,8,2026,Weekend
2026083013,2026-08-30 13:44:27,13,30,35,8,2026,Weekend
2026083019,2026-08-30 19:44:27,19,30,35,8,2026,Weekend
2026083115,2026-08-31 15:44:27,15,31,35,8,2026,Weekday
2026083120,2026-08-31 20:44:27,20,31,35,8,2026,Weekday
2026090101,2026-09-01 01:44:27,1,1,35,9,2026,Weekday
2026090117,2026-09-01 17:44:27,17,1,35,9,2026,Weekday
2026090209,2026-09-02 09:44:27,9,2,35,9,2026,Weekday
2026090218,2026-09-02 18:44:27,18,2,35,9,2026,Weekday
2026090305,2026-09-03 05:44:27,5,3,35,9,2026,Weekday
2026090404,2026-09-04 04:44:27,4,4,35,9,2026,Weekday
2026090405,2026-09-04 05:44:27,5,4,35,9,2026,Weekday
2026090410,2026-09-04 10:44:27,10,4,35,9,2026,Weekday
2026090417,2026-09-04 17:44:27,17,4,35,9,2026,Weekday
2026090419,2026-09-04 19:44:27,19,4,35,9,2026,Weekday
2026090608,2026-09-06 08:44:27,8,6,36,9,2026,Weekend
2026090609,2026-09-06 09:44:27,9,6,36,9,2026,Weekend
2026090619,2026-09-06 19:44:27,19,6,36,9,2026,Weekend
2026090704,2026-09-07 04:44:27,4,7,36,9,2026,Weekday
2026090709,2026-09-07 09:44:27,9,7,36,9,2026,Weekday
2026090713,2026-09-07 13:44:27,13,7,36,9,2026,Weekday
2026090903,2026-09-09 03:44:27,3,9,36,9,2026,Weekday
2026090906,2026-09-09 06:44:27,6,9,36,9,2026,Weekday
2026090909,2026-09-09 09:44:27,9,9,36,9,2026,Weekday
2026090923,2026-09-09 23:44:27,23,9,36,9,2026,Weekday
2026091001,2026-09-10 01:44:27,1,10,36,9,2026,Weekday
2026091022,2026-09-10 22:44:27,22,10,36,9,2026,Weekday
2026091100,2026-09-11 00:44:27,0,11,36,9,2026,Weekday
2026091101,2026-09-11 01:44:27,1,11,36,9,2026,Weekday
2026091105,2026-09-11 05:44:27,5,11,36,9,2026,Weekday
2026091120,2026-09-11 20:44:27,20,11,36,9,2026,Weekday
2026091215,2026-09-12 15:44:27,15,12,36,9,2026,Weekend
2026091220,2026-09-12 20:44:27,20,12,36,9,2026,Weekend
2026091310,2026-09-13 10:44:27,10,13,37,9,2026,Weekend
2026091400,2026-09-14 00:44:27,0,14,37,9,2026,Weekday
2026091401,2026-09-14 01:44:27,1,14,37,9,2026,Weekday
2026091403,2026-09-14 03:44:27,3,14,37,9,2026,Weekday
2026091417,2026-09-14 17:44:27,17,14,37,9,2026,Weekday
2026091500,2026-09-15 00:44:27,0,15,37,9,2026,Weekday
2026091514,2026-09-15 14:44:27,14,15,37,9,2026,Weekday
2026091522,2026-09-15 22:44:27,22,15,37,9,2026,Weekday
2026091602,2026-09-16 02:44:27,2,16,37,9,2026,Weekday
2026091610,2026-09-16 10:44:27,10,16,37,9,2026,Weekday
2026091616,2026-09-16 16:44:27,16,16,37,9,2026,Weekday
2026091618,2026-09-16 18:44:27,18,16,37,9,2026,Weekday
2026091620,2026-09-16 20:44:27,20,16,37,9,2026,Weekday
2026091704,2026-09-17 04:44:27,4,17,37,9,2026,Weekday
2026091802,2026-09-18 02:44:27,2,18,37,9,2026,Weekday
2026091804,2026-09-18 04:44:27,4,18,37,9,2026,Weekday
