id,dimension_name,dimension_value,total_events,success_rate,avg_quality_score,avg_processing_time_ms,correlation_with_failure,created_at
1,device_type,Mobile,105,0.8476,0.7629,10561,0.0,2026-09-18 12:45:52
2,upload_method,Camera,105,0.8476,0.7629,10561,0.0,2026-09-18 12:45:52
3,product_category,Jackets,9,1.0,0.9,9111,-0.1298,2026-09-18 12:45:52
4,product_category,Shirts,14,1.0,0.9,11714,-0.1663,2026-09-18 12:45:52
5,product_category,T-Shirts,17,0.8235,0.7412,11058,0.0295,2026-09-18 12:45:52
6,product_category,Dresses,30,0.8,0.72,10700,0.0838,2026-09-18 12:45:52
7,product_category,Pants,9,0.7778,0.7,9666,0.0595,2026-09-18 12:45:52
8,product_category,Hoodies,9,0.6667,0.6,10333,0.1542,2026-09-18 12:45:52
9,product_category,Jeans,11,0.9091,0.8182,10363,-0.0585,2026-09-18 12:45:52
10,product_category,Blazers,6,0.8333,0.75,10000,0.0098,2026-09-18 12:45:52
11,price_bracket,Premium (>2000),33,0.8788,0.7909,10181,-0.0587,2026-09-18 12:45:52
12,price_bracket,Mid-Range (500-2000),60,0.85,0.765,10833,-0.0076,2026-09-18 12:45:52
13,price_bracket,Budget (<500),12,0.75,0.675,10250,0.0976,2026-09-18 12:45:52
14,weekday_or_weekend,Weekday,82,0.8171,0.7354,10902,0.1605,2026-09-18 12:45:52
15,weekday_or_weekend,Weekend,23,0.9565,0.8609,9347,-0.1605,2026-09-18 12:45:52
16,hour_slot,04:00,9,0.8889,0.8,12555,-0.0352,2026-09-18 12:45:52
17,hour_slot,21:00,2,1.0,0.9,7000,-0.0591,2026-09-18 12:45:52
18,hour_slot,09:00,8,0.75,0.675,11500,0.078,2026-09-18 12:45:52
19,hour_slot,15:00,4,1.0,0.9,9500,-0.0844,2026-09-18 12:45:52
20,hour_slot,03:00,6,1.0,0.9,10166,-0.1044,2026-09-18 12:45:52
21,hour_slot,13:00,4,0.75,0.675,7500,0.0541,2026-09-18 12:45:52
22,hour_slot,00:00,7,1.0,0.9,10000,-0.1133,2026-09-18 12:45:52
23,hour_slot,20:00,8,0.625,0.5625,11875,0.1779,2026-09-18 12:45:52
24,hour_slot,17:00,5,1.0,0.9,9800,-0.0948,2026-09-18 12:45:52
25,hour_slot,18:00,4,1.0,0.9,10500,-0.0844,2026-09-18 12:45:52
26,hour_slot,14:00,4,0.75,0.675,8500,0.0541,2026-09-18 12:45:52
27,hour_slot,02:00,4,1.0,0.9,9500,-0.0844,2026-09-18 12:45:52
28,hour_slot,08:00,2,1.0,0.9,9500,-0.0591,2026-09-18 12:45:52
29,hour_slot,19:00,6,0.8333,0.75,10333,0.0098,2026-09-18 12:45:52
30,hour_slot,05:00,8,0.75,0.675,11875,0.078,2026-09-18 12:45:52
31,hour_slot,23:00,2,1.0,0.9,10500,-0.0591,2026-09-18 12:45:52
32,hour_slot,22:00,6,0.6667,0.6,9500,0.124,2026-09-18 12:45:52
33,hour_slot,01:00,8,0.875,0.7875,9750,-0.0219,2026-09-18 12:45:52
34,hour_slot,10:00,5,0.8,0.72,12600,0.0296,2026-09-18 12:45:52
35,hour_slot,06:00,2,1.0,0.9,10500,-0.0591,2026-09-18 12:45:52
36,hour_slot,16:00,1,0.0,0.0,17000,0.2313,2026-09-18 12:45:52
