user_key,user_id,signup_date,total_tryons,engagement_level,updated_at
1,1,2026-08-20,8,Medium (3-10),2026-09-18 18:14:56
2,2,2026-08-24,9,Medium (3-10),2026-09-18 18:14:56
3,3,2026-08-25,6,Medium (3-10),2026-09-18 18:14:56
4,4,2026-08-25,13,High (11-25),2026-09-18 18:14:56
5,5,2026-08-22,9,Medium (3-10),2026-09-18 18:14:56
6,6,2026-09-03,15,High (11-25),2026-09-18 18:14:56
7,7,2026-08-14,13,High (11-25),2026-09-18 18:14:56
8,8,2026-08-04,9,Medium (3-10),2026-09-18 18:14:56
9,9,2026-08-14,13,High (11-25),2026-09-18 18:14:56
10,10,2026-07-27,10,Medium (3-10),2026-09-18 18:14:56
