id,antecedent_product_keys,consequent_product_keys,antecedent_categories,consequent_categories,support,confidence,lift,item_count,created_at
1,10,4,Dresses,Dresses,0.5,0.625,1.25,2,2026-09-18 12:45:35
2,4,10,Dresses,Dresses,0.5,1.0,1.25,2,2026-09-18 12:45:35
3,2,3,Shirts,T-Shirts,0.5,0.7143,1.0204,2,2026-09-18 12:45:35
4,3,2,T-Shirts,Shirts,0.5,0.7143,1.0204,2,2026-09-18 12:45:35
5,11,12,T-Shirts,Shirts,0.1,0.3333,1.1111,2,2026-09-18 12:45:35
6,12,11,Shirts,T-Shirts,0.1,0.3333,1.1111,2,2026-09-18 12:45:35
7,4,5,Dresses,Pants,0.4,0.8,1.3333,2,2026-09-18 12:45:35
8,5,4,Pants,Dresses,0.4,0.6667,1.3333,2,2026-09-18 12:45:35
9,9,7,Blazers,T-Shirts,0.3,0.6,1.5,2,2026-09-18 12:45:35
10,7,9,T-Shirts,Blazers,0.3,0.75,1.5,2,2026-09-18 12:45:35
11,2,11,Shirts,T-Shirts,0.3,0.4286,1.4286,2,2026-09-18 12:45:35
12,11,2,T-Shirts,Shirts,0.3,1.0,1.4286,2,2026-09-18 12:45:35
13,9,4,Blazers,Dresses,0.3,0.6,1.2,2,2026-09-18 12:45:35
14,4,9,Dresses,Blazers,0.3,0.6,1.2,2,2026-09-18 12:45:35
15,10,11,Dresses,T-Shirts,0.3,0.375,1.25,2,2026-09-18 12:45:35
16,11,10,T-Shirts,Dresses,0.3,1.0,1.25,2,2026-09-18 12:45:35
17,1,10,Jackets,Dresses,0.5,0.8333,1.0417,2,2026-09-18 12:45:35
18,10,1,Dresses,Jackets,0.5,0.625,1.0417,2,2026-09-18 12:45:35
19,9,2,Blazers,Shirts,0.4,0.8,1.1429,2,2026-09-18 12:45:35
20,2,9,Shirts,Blazers,0.4,0.5714,1.1429,2,2026-09-18 12:45:35
21,9,5,Blazers,Pants,0.4,0.8,1.3333,2,2026-09-18 12:45:35
22,5,9,Pants,Blazers,0.4,0.6667,1.3333,2,2026-09-18 12:45:35
23,11,5,T-Shirts,Pants,0.2,0.6667,1.1111,2,2026-09-18 12:45:35
24,5,11,Pants,T-Shirts,0.2,0.3333,1.1111,2,2026-09-18 12:45:35
25,2,4,Shirts,Dresses,0.4,0.5714,1.1429,2,2026-09-18 12:45:35
26,4,2,Dresses,Shirts,0.4,0.8,1.1429,2,2026-09-18 12:45:35
27,9,11,Blazers,T-Shirts,0.2,0.4,1.3333,2,2026-09-18 12:45:35
28,11,9,T-Shirts,Blazers,0.2,0.6667,1.3333,2,2026-09-18 12:45:35
29,8,1,Jeans,Jackets,0.5,0.625,1.0417,2,2026-09-18 12:45:35
30,1,8,Jackets,Jeans,0.5,0.8333,1.0417,2,2026-09-18 12:45:35
31,1,6,Jackets,Hoodies,0.4,0.6667,1.1111,2,2026-09-18 12:45:35
32,6,1,Hoodies,Jackets,0.4,0.6667,1.1111,2,2026-09-18 12:45:35
33,9,12,Blazers,Shirts,0.3,0.6,2.0,2,2026-09-18 12:45:35
34,12,9,Shirts,Blazers,0.3,1.0,2.0,2,2026-09-18 12:45:35
35,1,3,Jackets,T-Shirts,0.5,0.8333,1.1905,2,2026-09-18 12:45:35
36,3,1,T-Shirts,Jackets,0.5,0.7143,1.1905,2,2026-09-18 12:45:35
37,4,7,Dresses,T-Shirts,0.2,0.4,1.0,2,2026-09-18 12:45:35
38,7,4,T-Shirts,Dresses,0.2,0.5,1.0,2,2026-09-18 12:45:35
39,12,5,Shirts,Pants,0.2,0.6667,1.1111,2,2026-09-18 12:45:35
40,5,12,Pants,Shirts,0.2,0.3333,1.1111,2,2026-09-18 12:45:35
41,3,6,T-Shirts,Hoodies,0.5,0.7143,1.1905,2,2026-09-18 12:45:35
42,6,3,Hoodies,T-Shirts,0.5,0.8333,1.1905,2,2026-09-18 12:45:35
43,8,3,Jeans,T-Shirts,0.7,0.875,1.25,2,2026-09-18 12:45:35
44,3,8,T-Shirts,Jeans,0.7,1.0,1.25,2,2026-09-18 12:45:35
45,8,6,Jeans,Hoodies,0.6,0.75,1.25,2,2026-09-18 12:45:35
46,6,8,Hoodies,Jeans,0.6,1.0,1.25,2,2026-09-18 12:45:35
47,1,5,Jackets,Pants,0.4,0.6667,1.1111,2,2026-09-18 12:45:35
48,5,1,Pants,Jackets,0.4,0.6667,1.1111,2,2026-09-18 12:45:35
49,10,5,Dresses,Pants,0.5,0.625,1.0417,2,2026-09-18 12:45:35
50,5,10,Pants,Dresses,0.5,0.8333,1.0417,2,2026-09-18 12:45:35
51,12,7,Shirts,T-Shirts,0.2,0.6667,1.6667,2,2026-09-18 12:45:35
52,7,12,T-Shirts,Shirts,0.2,0.5,1.6667,2,2026-09-18 12:45:35
53,2,10,Shirts,Dresses,0.6,0.8571,1.0714,2,2026-09-18 12:45:35
54,10,2,Dresses,Shirts,0.6,0.75,1.0714,2,2026-09-18 12:45:35
55,9,10,Blazers,Dresses,0.4,0.8,1.0,2,2026-09-18 12:45:35
56,10,9,Dresses,Blazers,0.4,0.5,1.0,2,2026-09-18 12:45:35
57,1,2,Jackets,Shirts,0.5,0.8333,1.1905,2,2026-09-18 12:45:35
58,2,1,Shirts,Jackets,0.5,0.7143,1.1905,2,2026-09-18 12:45:35
59,1,11,Jackets,T-Shirts,0.2,0.3333,1.1111,2,2026-09-18 12:45:35
60,11,1,T-Shirts,Jackets,0.2,0.6667,1.1111,2,2026-09-18 12:45:35
61,12,4,Shirts,Dresses,0.2,0.6667,1.3333,2,2026-09-18 12:45:35
62,4,12,Dresses,Shirts,0.2,0.4,1.3333,2,2026-09-18 12:45:35
63,2,5,Shirts,Pants,0.6,0.8571,1.4286,2,2026-09-18 12:45:35
64,5,2,Pants,Shirts,0.6,1.0,1.4286,2,2026-09-18 12:45:35
65,2,"1,9",Shirts,"Jackets,Blazers",0.2,0.2857,1.4286,3,2026-09-18 12:45:35
66,"1,9",2,"Jackets,Blazers",Shirts,0.2,1.0,1.4286,3,2026-09-18 12:45:35
67,9,"5,11",Blazers,"Pants,T-Shirts",0.2,0.4,2.0,3,2026-09-18 12:45:35
68,11,"5,9",T-Shirts,"Pants,Blazers",0.2,0.6667,1.6667,3,2026-09-18 12:45:35
69,5,"9,11",Pants,"Blazers,T-Shirts",0.2,0.3333,1.6667,3,2026-09-18 12:45:35
70,"9,11",5,"Blazers,T-Shirts",Pants,0.2,1.0,1.6667,3,2026-09-18 12:45:35
71,"5,9",11,"Pants,Blazers",T-Shirts,0.2,0.5,1.6667,3,2026-09-18 12:45:35
72,"5,11",9,"Pants,T-Shirts",Blazers,0.2,1.0,2.0,3,2026-09-18 12:45:35
73,1,"6,10",Jackets,"Hoodies,Dresses",0.3,0.5,1.25,3,2026-09-18 12:45:35
74,6,"1,10",Hoodies,"Jackets,Dresses",0.3,0.5,1.0,3,2026-09-18 12:45:35
75,"1,10",6,"Jackets,Dresses",Hoodies,0.3,0.6,1.0,3,2026-09-18 12:45:35
76,"6,10",1,"Hoodies,Dresses",Jackets,0.3,0.75,1.25,3,2026-09-18 12:45:35
77,9,"11,12",Blazers,"T-Shirts,Shirts",0.1,0.2,2.0,3,2026-09-18 12:45:35
78,11,"9,12",T-Shirts,"Blazers,Shirts",0.1,0.3333,1.1111,3,2026-09-18 12:45:35
79,12,"9,11",Shirts,"Blazers,T-Shirts",0.1,0.3333,1.6667,3,2026-09-18 12:45:35
80,"9,11",12,"Blazers,T-Shirts",Shirts,0.1,0.5,1.6667,3,2026-09-18 12:45:35
81,"9,12",11,"Blazers,Shirts",T-Shirts,0.1,0.3333,1.1111,3,2026-09-18 12:45:35
82,"11,12",9,"T-Shirts,Shirts",Blazers,0.1,1.0,2.0,3,2026-09-18 12:45:35
83,9,"4,7",Blazers,"Dresses,T-Shirts",0.2,0.4,2.0,3,2026-09-18 12:45:35
84,4,"7,9",Dresses,"T-Shirts,Blazers",0.2,0.4,1.3333,3,2026-09-18 12:45:35
85,7,"4,9",T-Shirts,"Dresses,Blazers",0.2,0.5,1.6667,3,2026-09-18 12:45:35
86,"4,9",7,"Dresses,Blazers",T-Shirts,0.2,0.6667,1.6667,3,2026-09-18 12:45:35
87,"7,9",4,"T-Shirts,Blazers",Dresses,0.2,0.6667,1.3333,3,2026-09-18 12:45:35
88,"4,7",9,"Dresses,T-Shirts",Blazers,0.2,1.0,2.0,3,2026-09-18 12:45:35
89,11,"5,12",T-Shirts,"Pants,Shirts",0.1,0.3333,1.6667,3,2026-09-18 12:45:35
90,12,"5,11",Shirts,"Pants,T-Shirts",0.1,0.3333,1.6667,3,2026-09-18 12:45:35
91,"11,12",5,"T-Shirts,Shirts",Pants,0.1,1.0,1.6667,3,2026-09-18 12:45:35
92,"5,11",12,"Pants,T-Shirts",Shirts,0.1,0.5,1.6667,3,2026-09-18 12:45:35
93,"5,12",11,"Pants,Shirts",T-Shirts,0.1,0.5,1.6667,3,2026-09-18 12:45:35
94,1,"2,10",Jackets,"Shirts,Dresses",0.4,0.6667,1.1111,3,2026-09-18 12:45:35
95,10,"1,2",Dresses,"Jackets,Shirts",0.4,0.5,1.0,3,2026-09-18 12:45:35
96,2,"1,10",Shirts,"Jackets,Dresses",0.4,0.5714,1.1429,3,2026-09-18 12:45:35
97,"1,10",2,"Jackets,Dresses",Shirts,0.4,0.8,1.1429,3,2026-09-18 12:45:35
98,"1,2",10,"Jackets,Shirts",Dresses,0.4,0.8,1.0,3,2026-09-18 12:45:35
99,"2,10",1,"Shirts,Dresses",Jackets,0.4,0.6667,1.1111,3,2026-09-18 12:45:35
100,9,"3,5",Blazers,"T-Shirts,Pants",0.2,0.4,1.0,3,2026-09-18 12:45:35
101,5,"3,9",Pants,"T-Shirts,Blazers",0.2,0.3333,1.1111,3,2026-09-18 12:45:35
102,"3,9",5,"T-Shirts,Blazers",Pants,0.2,0.6667,1.1111,3,2026-09-18 12:45:35
103,"3,5",9,"T-Shirts,Pants",Blazers,0.2,0.5,1.0,3,2026-09-18 12:45:35
104,9,"5,12",Blazers,"Pants,Shirts",0.2,0.4,2.0,3,2026-09-18 12:45:35
105,12,"5,9",Shirts,"Pants,Blazers",0.2,0.6667,1.6667,3,2026-09-18 12:45:35
106,5,"9,12",Pants,"Blazers,Shirts",0.2,0.3333,1.1111,3,2026-09-18 12:45:35
107,"9,12",5,"Blazers,Shirts",Pants,0.2,0.6667,1.1111,3,2026-09-18 12:45:35
108,"5,9",12,"Pants,Blazers",Shirts,0.2,0.5,1.6667,3,2026-09-18 12:45:35
109,"5,12",9,"Pants,Shirts",Blazers,0.2,1.0,2.0,3,2026-09-18 12:45:35
110,11,"10,12",T-Shirts,"Dresses,Shirts",0.1,0.3333,1.6667,3,2026-09-18 12:45:35
111,12,"10,11",Shirts,"Dresses,T-Shirts",0.1,0.3333,1.1111,3,2026-09-18 12:45:35
112,"10,11",12,"Dresses,T-Shirts",Shirts,0.1,0.3333,1.1111,3,2026-09-18 12:45:35
113,"10,12",11,"Dresses,Shirts",T-Shirts,0.1,0.5,1.6667,3,2026-09-18 12:45:35
114,"11,12",10,"T-Shirts,Shirts",Dresses,0.1,1.0,1.25,3,2026-09-18 12:45:35
115,10,"4,7",Dresses,"Dresses,T-Shirts",0.2,0.25,1.25,3,2026-09-18 12:45:35
116,4,"7,10",Dresses,"T-Shirts,Dresses",0.2,0.4,1.3333,3,2026-09-18 12:45:35
117,7,"4,10",T-Shirts,"Dresses,Dresses",0.2,0.5,1.0,3,2026-09-18 12:45:35
118,"4,10",7,"Dresses,Dresses",T-Shirts,0.2,0.4,1.0,3,2026-09-18 12:45:35
119,"7,10",4,"T-Shirts,Dresses",Dresses,0.2,0.6667,1.3333,3,2026-09-18 12:45:35
120,"4,7",10,"Dresses,T-Shirts",Dresses,0.2,1.0,1.25,3,2026-09-18 12:45:35
121,12,"4,5",Shirts,"Dresses,Pants",0.2,0.6667,1.6667,3,2026-09-18 12:45:35
122,4,"5,12",Dresses,"Pants,Shirts",0.2,0.4,2.0,3,2026-09-18 12:45:35
123,5,"4,12",Pants,"Dresses,Shirts",0.2,0.3333,1.6667,3,2026-09-18 12:45:35
124,"4,12",5,"Dresses,Shirts",Pants,0.2,1.0,1.6667,3,2026-09-18 12:45:35
125,"5,12",4,"Pants,Shirts",Dresses,0.2,1.0,2.0,3,2026-09-18 12:45:35
126,"4,5",12,"Dresses,Pants",Shirts,0.2,0.5,1.6667,3,2026-09-18 12:45:35
127,4,"3,5",Dresses,"T-Shirts,Pants",0.2,0.4,1.0,3,2026-09-18 12:45:35
128,5,"3,4",Pants,"T-Shirts,Dresses",0.2,0.3333,1.6667,3,2026-09-18 12:45:35
129,"3,4",5,"T-Shirts,Dresses",Pants,0.2,1.0,1.6667,3,2026-09-18 12:45:35
130,"3,5",4,"T-Shirts,Pants",Dresses,0.2,0.5,1.0,3,2026-09-18 12:45:35
131,8,"3,4",Jeans,"T-Shirts,Dresses",0.2,0.25,1.25,3,2026-09-18 12:45:35
132,"3,4",8,"T-Shirts,Dresses",Jeans,0.2,1.0,1.25,3,2026-09-18 12:45:35
133,10,"4,12",Dresses,"Dresses,Shirts",0.2,0.25,1.25,3,2026-09-18 12:45:35
134,4,"10,12",Dresses,"Dresses,Shirts",0.2,0.4,2.0,3,2026-09-18 12:45:35
135,12,"4,10",Shirts,"Dresses,Dresses",0.2,0.6667,1.3333,3,2026-09-18 12:45:35
136,"4,10",12,"Dresses,Dresses",Shirts,0.2,0.4,1.3333,3,2026-09-18 12:45:35
137,"10,12",4,"Dresses,Shirts",Dresses,0.2,1.0,2.0,3,2026-09-18 12:45:35
138,"4,12",10,"Dresses,Shirts",Dresses,0.2,1.0,1.25,3,2026-09-18 12:45:35
139,9,"2,5",Blazers,"Shirts,Pants",0.4,0.8,1.3333,3,2026-09-18 12:45:35
140,2,"5,9",Shirts,"Pants,Blazers",0.4,0.5714,1.4286,3,2026-09-18 12:45:35
141,5,"2,9",Pants,"Shirts,Blazers",0.4,0.6667,1.6667,3,2026-09-18 12:45:35
142,"2,9",5,"Shirts,Blazers",Pants,0.4,1.0,1.6667,3,2026-09-18 12:45:35
143,"5,9",2,"Pants,Blazers",Shirts,0.4,1.0,1.4286,3,2026-09-18 12:45:35
144,"2,5",9,"Shirts,Pants",Blazers,0.4,0.6667,1.3333,3,2026-09-18 12:45:35
145,12,"4,8",Shirts,"Dresses,Jeans",0.1,0.3333,1.1111,3,2026-09-18 12:45:35
146,4,"8,12",Dresses,"Jeans,Shirts",0.1,0.2,1.0,3,2026-09-18 12:45:35
147,"8,12",4,"Jeans,Shirts",Dresses,0.1,0.5,1.0,3,2026-09-18 12:45:35
148,"4,8",12,"Dresses,Jeans",Shirts,0.1,0.3333,1.1111,3,2026-09-18 12:45:35
149,9,"7,8",Blazers,"T-Shirts,Jeans",0.1,0.2,1.0,3,2026-09-18 12:45:35
150,"7,8",9,"T-Shirts,Jeans",Blazers,0.1,0.5,1.0,3,2026-09-18 12:45:35
151,9,"7,10",Blazers,"T-Shirts,Dresses",0.2,0.4,1.3333,3,2026-09-18 12:45:35
152,7,"9,10",T-Shirts,"Blazers,Dresses",0.2,0.5,1.25,3,2026-09-18 12:45:35
153,"9,10",7,"Blazers,Dresses",T-Shirts,0.2,0.5,1.25,3,2026-09-18 12:45:35
154,"7,10",9,"T-Shirts,Dresses",Blazers,0.2,0.6667,1.3333,3,2026-09-18 12:45:35
155,11,"5,7",T-Shirts,"Pants,T-Shirts",0.1,0.3333,1.6667,3,2026-09-18 12:45:35
156,7,"5,11",T-Shirts,"Pants,T-Shirts",0.1,0.25,1.25,3,2026-09-18 12:45:35
157,"5,11",7,"Pants,T-Shirts",T-Shirts,0.1,0.5,1.25,3,2026-09-18 12:45:35
158,"7,11",5,"T-Shirts,T-Shirts",Pants,0.1,1.0,1.6667,3,2026-09-18 12:45:35
159,"5,7",11,"Pants,T-Shirts",T-Shirts,0.1,0.5,1.6667,3,2026-09-18 12:45:35
160,9,"5,7",Blazers,"Pants,T-Shirts",0.2,0.4,2.0,3,2026-09-18 12:45:35
161,5,"7,9",Pants,"T-Shirts,Blazers",0.2,0.3333,1.1111,3,2026-09-18 12:45:35
162,7,"5,9",T-Shirts,"Pants,Blazers",0.2,0.5,1.25,3,2026-09-18 12:45:35
163,"5,9",7,"Pants,Blazers",T-Shirts,0.2,0.5,1.25,3,2026-09-18 12:45:35
164,"7,9",5,"T-Shirts,Blazers",Pants,0.2,0.6667,1.1111,3,2026-09-18 12:45:35
165,"5,7",9,"Pants,T-Shirts",Blazers,0.2,1.0,2.0,3,2026-09-18 12:45:35
166,2,"5,12",Shirts,"Pants,Shirts",0.2,0.2857,1.4286,3,2026-09-18 12:45:35
167,12,"2,5",Shirts,"Shirts,Pants",0.2,0.6667,1.1111,3,2026-09-18 12:45:35
168,5,"2,12",Pants,"Shirts,Shirts",0.2,0.3333,1.6667,3,2026-09-18 12:45:35
169,"2,12",5,"Shirts,Shirts",Pants,0.2,1.0,1.6667,3,2026-09-18 12:45:35
170,"2,5",12,"Shirts,Pants",Shirts,0.2,0.3333,1.1111,3,2026-09-18 12:45:35
171,"5,12",2,"Pants,Shirts",Shirts,0.2,1.0,1.4286,3,2026-09-18 12:45:35
172,10,"2,5",Dresses,"Shirts,Pants",0.5,0.625,1.0417,3,2026-09-18 12:45:35
173,2,"5,10",Shirts,"Pants,Dresses",0.5,0.7143,1.4286,3,2026-09-18 12:45:35
174,5,"2,10",Pants,"Shirts,Dresses",0.5,0.8333,1.3889,3,2026-09-18 12:45:35
175,"2,10",5,"Shirts,Dresses",Pants,0.5,0.8333,1.3889,3,2026-09-18 12:45:35
176,"5,10",2,"Pants,Dresses",Shirts,0.5,1.0,1.4286,3,2026-09-18 12:45:35
177,"2,5",10,"Shirts,Pants",Dresses,0.5,0.8333,1.0417,3,2026-09-18 12:45:35
178,8,"2,3",Jeans,"Shirts,T-Shirts",0.5,0.625,1.25,3,2026-09-18 12:45:35
179,2,"3,8",Shirts,"T-Shirts,Jeans",0.5,0.7143,1.0204,3,2026-09-18 12:45:35
180,3,"2,8",T-Shirts,"Shirts,Jeans",0.5,0.7143,1.4286,3,2026-09-18 12:45:35
181,"2,8",3,"Shirts,Jeans",T-Shirts,0.5,1.0,1.4286,3,2026-09-18 12:45:35
182,"3,8",2,"T-Shirts,Jeans",Shirts,0.5,0.7143,1.0204,3,2026-09-18 12:45:35
183,"2,3",8,"Shirts,T-Shirts",Jeans,0.5,1.0,1.25,3,2026-09-18 12:45:35
184,10,"2,12",Dresses,"Shirts,Shirts",0.2,0.25,1.25,3,2026-09-18 12:45:35
185,2,"10,12",Shirts,"Dresses,Shirts",0.2,0.2857,1.4286,3,2026-09-18 12:45:35
186,12,"2,10",Shirts,"Shirts,Dresses",0.2,0.6667,1.1111,3,2026-09-18 12:45:35
187,"2,10",12,"Shirts,Dresses",Shirts,0.2,0.3333,1.1111,3,2026-09-18 12:45:35
188,"10,12",2,"Dresses,Shirts",Shirts,0.2,1.0,1.4286,3,2026-09-18 12:45:35
189,"2,12",10,"Shirts,Shirts",Dresses,0.2,1.0,1.25,3,2026-09-18 12:45:35
190,3,"1,11",T-Shirts,"Jackets,T-Shirts",0.2,0.2857,1.4286,3,2026-09-18 12:45:35
191,1,"3,11",Jackets,"T-Shirts,T-Shirts",0.2,0.3333,1.6667,3,2026-09-18 12:45:35
192,11,"1,3",T-Shirts,"Jackets,T-Shirts",0.2,0.6667,1.3333,3,2026-09-18 12:45:35
193,"1,3",11,"Jackets,T-Shirts",T-Shirts,0.2,0.4,1.3333,3,2026-09-18 12:45:35
194,"3,11",1,"T-Shirts,T-Shirts",Jackets,0.2,1.0,1.6667,3,2026-09-18 12:45:35
195,"1,11",3,"Jackets,T-Shirts",T-Shirts,0.2,1.0,1.4286,3,2026-09-18 12:45:35
196,12,"5,7",Shirts,"Pants,T-Shirts",0.1,0.3333,1.6667,3,2026-09-18 12:45:35
197,7,"5,12",T-Shirts,"Pants,Shirts",0.1,0.25,1.25,3,2026-09-18 12:45:35
198,"5,12",7,"Pants,Shirts",T-Shirts,0.1,0.5,1.25,3,2026-09-18 12:45:35
199,"5,7",12,"Pants,T-Shirts",Shirts,0.1,0.5,1.6667,3,2026-09-18 12:45:35
200,10,"5,12",Dresses,"Pants,Shirts",0.2,0.25,1.25,3,2026-09-18 12:45:35
201,12,"5,10",Shirts,"Pants,Dresses",0.2,0.6667,1.3333,3,2026-09-18 12:45:35
202,5,"10,12",Pants,"Dresses,Shirts",0.2,0.3333,1.6667,3,2026-09-18 12:45:35
203,"10,12",5,"Dresses,Shirts",Pants,0.2,1.0,1.6667,3,2026-09-18 12:45:35
204,"5,10",12,"Pants,Dresses",Shirts,0.2,0.4,1.3333,3,2026-09-18 12:45:35
205,"5,12",10,"Pants,Shirts",Dresses,0.2,1.0,1.25,3,2026-09-18 12:45:35
206,1,"3,6",Jackets,"T-Shirts,Hoodies",0.4,0.6667,1.3333,3,2026-09-18 12:45:35
207,3,"1,6",T-Shirts,"Jackets,Hoodies",0.4,0.5714,1.4286,3,2026-09-18 12:45:35
208,6,"1,3",Hoodies,"Jackets,T-Shirts",0.4,0.6667,1.3333,3,2026-09-18 12:45:35
209,"1,3",6,"Jackets,T-Shirts",Hoodies,0.4,0.8,1.3333,3,2026-09-18 12:45:35
210,"1,6",3,"Jackets,Hoodies",T-Shirts,0.4,1.0,1.4286,3,2026-09-18 12:45:35
211,"3,6",1,"T-Shirts,Hoodies",Jackets,0.4,0.8,1.3333,3,2026-09-18 12:45:35
212,8,"3,5",Jeans,"T-Shirts,Pants",0.4,0.5,1.25,3,2026-09-18 12:45:35
213,3,"5,8",T-Shirts,"Pants,Jeans",0.4,0.5714,1.4286,3,2026-09-18 12:45:35
214,"5,8",3,"Pants,Jeans",T-Shirts,0.4,1.0,1.4286,3,2026-09-18 12:45:35
215,"3,5",8,"T-Shirts,Pants",Jeans,0.4,1.0,1.25,3,2026-09-18 12:45:35
216,8,"3,12",Jeans,"T-Shirts,Shirts",0.2,0.25,1.25,3,2026-09-18 12:45:35
217,3,"8,12",T-Shirts,"Jeans,Shirts",0.2,0.2857,1.4286,3,2026-09-18 12:45:35
218,"8,12",3,"Jeans,Shirts",T-Shirts,0.2,1.0,1.4286,3,2026-09-18 12:45:35
219,"3,12",8,"T-Shirts,Shirts",Jeans,0.2,1.0,1.25,3,2026-09-18 12:45:35
220,9,"8,11",Blazers,"Jeans,T-Shirts",0.1,0.2,1.0,3,2026-09-18 12:45:35
221,11,"8,9",T-Shirts,"Jeans,Blazers",0.1,0.3333,1.1111,3,2026-09-18 12:45:35
222,"8,9",11,"Jeans,Blazers",T-Shirts,0.1,0.3333,1.1111,3,2026-09-18 12:45:35
223,"8,11",9,"Jeans,T-Shirts",Blazers,0.1,0.5,1.0,3,2026-09-18 12:45:35
224,11,"3,9",T-Shirts,"T-Shirts,Blazers",0.1,0.3333,1.1111,3,2026-09-18 12:45:35
225,9,"3,11",Blazers,"T-Shirts,T-Shirts",0.1,0.2,1.0,3,2026-09-18 12:45:35
226,"3,11",9,"T-Shirts,T-Shirts",Blazers,0.1,0.5,1.0,3,2026-09-18 12:45:35
227,"3,9",11,"T-Shirts,Blazers",T-Shirts,0.1,0.3333,1.1111,3,2026-09-18 12:45:35
228,8,"1,6",Jeans,"Jackets,Hoodies",0.4,0.5,1.25,3,2026-09-18 12:45:35
229,1,"6,8",Jackets,"Hoodies,Jeans",0.4,0.6667,1.1111,3,2026-09-18 12:45:35
230,6,"1,8",Hoodies,"Jackets,Jeans",0.4,0.6667,1.3333,3,2026-09-18 12:45:35
231,"1,8",6,"Jackets,Jeans",Hoodies,0.4,0.8,1.3333,3,2026-09-18 12:45:35
232,"6,8",1,"Hoodies,Jeans",Jackets,0.4,0.6667,1.1111,3,2026-09-18 12:45:35
233,"1,6",8,"Jackets,Hoodies",Jeans,0.4,1.0,1.25,3,2026-09-18 12:45:35
234,11,"4,7",T-Shirts,"Dresses,T-Shirts",0.1,0.3333,1.6667,3,2026-09-18 12:45:35
235,4,"7,11",Dresses,"T-Shirts,T-Shirts",0.1,0.2,2.0,3,2026-09-18 12:45:35
236,7,"4,11",T-Shirts,"Dresses,T-Shirts",0.1,0.25,2.5,3,2026-09-18 12:45:35
237,"4,11",7,"Dresses,T-Shirts",T-Shirts,0.1,1.0,2.5,3,2026-09-18 12:45:35
238,"7,11",4,"T-Shirts,T-Shirts",Dresses,0.1,1.0,2.0,3,2026-09-18 12:45:35
239,"4,7",11,"Dresses,T-Shirts",T-Shirts,0.1,0.5,1.6667,3,2026-09-18 12:45:35
240,2,"3,4",Shirts,"T-Shirts,Dresses",0.2,0.2857,1.4286,3,2026-09-18 12:45:35
241,"3,4",2,"T-Shirts,Dresses",Shirts,0.2,1.0,1.4286,3,2026-09-18 12:45:35
242,2,"4,12",Shirts,"Dresses,Shirts",0.2,0.2857,1.4286,3,2026-09-18 12:45:35
243,4,"2,12",Dresses,"Shirts,Shirts",0.2,0.4,2.0,3,2026-09-18 12:45:35
244,12,"2,4",Shirts,"Shirts,Dresses",0.2,0.6667,1.6667,3,2026-09-18 12:45:35
245,"2,4",12,"Shirts,Dresses",Shirts,0.2,0.5,1.6667,3,2026-09-18 12:45:35
246,"2,12",4,"Shirts,Shirts",Dresses,0.2,1.0,2.0,3,2026-09-18 12:45:35
247,"4,12",2,"Dresses,Shirts",Shirts,0.2,1.0,1.4286,3,2026-09-18 12:45:35
248,1,"7,10",Jackets,"T-Shirts,Dresses",0.2,0.3333,1.1111,3,2026-09-18 12:45:35
249,10,"1,7",Dresses,"Jackets,T-Shirts",0.2,0.25,1.25,3,2026-09-18 12:45:35
250,7,"1,10",T-Shirts,"Jackets,Dresses",0.2,0.5,1.0,3,2026-09-18 12:45:35
251,"1,10",7,"Jackets,Dresses",T-Shirts,0.2,0.4,1.0,3,2026-09-18 12:45:35
252,"1,7",10,"Jackets,T-Shirts",Dresses,0.2,1.0,1.25,3,2026-09-18 12:45:35
253,"7,10",1,"T-Shirts,Dresses",Jackets,0.2,0.6667,1.1111,3,2026-09-18 12:45:35
254,8,"6,7",Jeans,"Hoodies,T-Shirts",0.2,0.25,1.25,3,2026-09-18 12:45:35
255,6,"7,8",Hoodies,"T-Shirts,Jeans",0.2,0.3333,1.6667,3,2026-09-18 12:45:35
256,"7,8",6,"T-Shirts,Jeans",Hoodies,0.2,1.0,1.6667,3,2026-09-18 12:45:35
257,"6,7",8,"Hoodies,T-Shirts",Jeans,0.2,1.0,1.25,3,2026-09-18 12:45:35
258,10,"4,8",Dresses,"Dresses,Jeans",0.3,0.375,1.25,3,2026-09-18 12:45:35
259,4,"8,10",Dresses,"Jeans,Dresses",0.3,0.6,1.0,3,2026-09-18 12:45:35
260,"8,10",4,"Jeans,Dresses",Dresses,0.3,0.5,1.0,3,2026-09-18 12:45:35
261,"4,8",10,"Dresses,Jeans",Dresses,0.3,1.0,1.25,3,2026-09-18 12:45:35
262,9,"4,11",Blazers,"Dresses,T-Shirts",0.1,0.2,2.0,3,2026-09-18 12:45:35
263,11,"4,9",T-Shirts,"Dresses,Blazers",0.1,0.3333,1.1111,3,2026-09-18 12:45:35
264,4,"9,11",Dresses,"Blazers,T-Shirts",0.1,0.2,1.0,3,2026-09-18 12:45:35
265,"9,11",4,"Blazers,T-Shirts",Dresses,0.1,0.5,1.0,3,2026-09-18 12:45:35
266,"4,9",11,"Dresses,Blazers",T-Shirts,0.1,0.3333,1.1111,3,2026-09-18 12:45:35
267,"4,11",9,"Dresses,T-Shirts",Blazers,0.1,1.0,2.0,3,2026-09-18 12:45:35
268,4,"3,12",Dresses,"T-Shirts,Shirts",0.1,0.2,1.0,3,2026-09-18 12:45:35
269,12,"3,4",Shirts,"T-Shirts,Dresses",0.1,0.3333,1.6667,3,2026-09-18 12:45:35
270,"3,4",12,"T-Shirts,Dresses",Shirts,0.1,0.5,1.6667,3,2026-09-18 12:45:35
271,"3,12",4,"T-Shirts,Shirts",Dresses,0.1,0.5,1.0,3,2026-09-18 12:45:35
272,9,"2,12",Blazers,"Shirts,Shirts",0.2,0.4,2.0,3,2026-09-18 12:45:35
273,12,"2,9",Shirts,"Shirts,Blazers",0.2,0.6667,1.6667,3,2026-09-18 12:45:35
274,"2,9",12,"Shirts,Blazers",Shirts,0.2,0.5,1.6667,3,2026-09-18 12:45:35
275,"2,12",9,"Shirts,Shirts",Blazers,0.2,1.0,2.0,3,2026-09-18 12:45:35
276,11,"2,3",T-Shirts,"Shirts,T-Shirts",0.2,0.6667,1.3333,3,2026-09-18 12:45:35
277,2,"3,11",Shirts,"T-Shirts,T-Shirts",0.2,0.2857,1.4286,3,2026-09-18 12:45:35
278,"3,11",2,"T-Shirts,T-Shirts",Shirts,0.2,1.0,1.4286,3,2026-09-18 12:45:35
279,"2,3",11,"Shirts,T-Shirts",T-Shirts,0.2,0.4,1.3333,3,2026-09-18 12:45:35
280,4,"5,8",Dresses,"Pants,Jeans",0.2,0.4,1.0,3,2026-09-18 12:45:35
281,5,"4,8",Pants,"Dresses,Jeans",0.2,0.3333,1.1111,3,2026-09-18 12:45:35
282,"4,8",5,"Dresses,Jeans",Pants,0.2,0.6667,1.1111,3,2026-09-18 12:45:35
283,"5,8",4,"Pants,Jeans",Dresses,0.2,0.5,1.0,3,2026-09-18 12:45:35
284,1,"5,10",Jackets,"Pants,Dresses",0.3,0.5,1.0,3,2026-09-18 12:45:35
285,5,"1,10",Pants,"Jackets,Dresses",0.3,0.5,1.0,3,2026-09-18 12:45:35
286,"1,10",5,"Jackets,Dresses",Pants,0.3,0.6,1.0,3,2026-09-18 12:45:35
287,"5,10",1,"Pants,Dresses",Jackets,0.3,0.6,1.0,3,2026-09-18 12:45:35
288,11,"2,12",T-Shirts,"Shirts,Shirts",0.1,0.3333,1.6667,3,2026-09-18 12:45:35
289,12,"2,11",Shirts,"Shirts,T-Shirts",0.1,0.3333,1.1111,3,2026-09-18 12:45:35
290,"2,11",12,"Shirts,T-Shirts",Shirts,0.1,0.3333,1.1111,3,2026-09-18 12:45:35
291,"2,12",11,"Shirts,Shirts",T-Shirts,0.1,0.5,1.6667,3,2026-09-18 12:45:35
292,"11,12",2,"T-Shirts,Shirts",Shirts,0.1,1.0,1.4286,3,2026-09-18 12:45:35
293,8,"6,10",Jeans,"Hoodies,Dresses",0.4,0.5,1.25,3,2026-09-18 12:45:35
294,6,"8,10",Hoodies,"Jeans,Dresses",0.4,0.6667,1.1111,3,2026-09-18 12:45:35
295,"8,10",6,"Jeans,Dresses",Hoodies,0.4,0.6667,1.1111,3,2026-09-18 12:45:35
296,"6,10",8,"Hoodies,Dresses",Jeans,0.4,1.0,1.25,3,2026-09-18 12:45:35
297,9,"7,12",Blazers,"T-Shirts,Shirts",0.2,0.4,2.0,3,2026-09-18 12:45:35
298,12,"7,9",Shirts,"T-Shirts,Blazers",0.2,0.6667,2.2222,3,2026-09-18 12:45:35
299,7,"9,12",T-Shirts,"Blazers,Shirts",0.2,0.5,1.6667,3,2026-09-18 12:45:35
300,"9,12",7,"Blazers,Shirts",T-Shirts,0.2,0.6667,1.6667,3,2026-09-18 12:45:35
301,"7,9",12,"T-Shirts,Blazers",Shirts,0.2,0.6667,2.2222,3,2026-09-18 12:45:35
302,"7,12",9,"T-Shirts,Shirts",Blazers,0.2,1.0,2.0,3,2026-09-18 12:45:35
303,10,"1,9",Dresses,"Jackets,Blazers",0.2,0.25,1.25,3,2026-09-18 12:45:35
304,"1,9",10,"Jackets,Blazers",Dresses,0.2,1.0,1.25,3,2026-09-18 12:45:35
305,2,"3,5",Shirts,"T-Shirts,Pants",0.4,0.5714,1.4286,3,2026-09-18 12:45:35
306,5,"2,3",Pants,"Shirts,T-Shirts",0.4,0.6667,1.3333,3,2026-09-18 12:45:35
307,"2,3",5,"Shirts,T-Shirts",Pants,0.4,0.8,1.3333,3,2026-09-18 12:45:35
308,"3,5",2,"T-Shirts,Pants",Shirts,0.4,1.0,1.4286,3,2026-09-18 12:45:35
309,10,"2,8",Dresses,"Shirts,Jeans",0.4,0.5,1.0,3,2026-09-18 12:45:35
310,"2,8",10,"Shirts,Jeans",Dresses,0.4,0.8,1.0,3,2026-09-18 12:45:35
311,9,"2,11",Blazers,"Shirts,T-Shirts",0.2,0.4,1.3333,3,2026-09-18 12:45:35
312,2,"9,11",Shirts,"Blazers,T-Shirts",0.2,0.2857,1.4286,3,2026-09-18 12:45:35
313,11,"2,9",T-Shirts,"Shirts,Blazers",0.2,0.6667,1.6667,3,2026-09-18 12:45:35
314,"2,9",11,"Shirts,Blazers",T-Shirts,0.2,0.5,1.6667,3,2026-09-18 12:45:35
315,"9,11",2,"Blazers,T-Shirts",Shirts,0.2,1.0,1.4286,3,2026-09-18 12:45:35
316,"2,11",9,"Shirts,T-Shirts",Blazers,0.2,0.6667,1.3333,3,2026-09-18 12:45:35
317,1,"10,11",Jackets,"Dresses,T-Shirts",0.2,0.3333,1.1111,3,2026-09-18 12:45:35
318,10,"1,11",Dresses,"Jackets,T-Shirts",0.2,0.25,1.25,3,2026-09-18 12:45:35
319,11,"1,10",T-Shirts,"Jackets,Dresses",0.2,0.6667,1.3333,3,2026-09-18 12:45:35
320,"1,10",11,"Jackets,Dresses",T-Shirts,0.2,0.4,1.3333,3,2026-09-18 12:45:35
321,"1,11",10,"Jackets,T-Shirts",Dresses,0.2,1.0,1.25,3,2026-09-18 12:45:35
322,"10,11",1,"Dresses,T-Shirts",Jackets,0.2,0.6667,1.1111,3,2026-09-18 12:45:35
323,8,"6,9",Jeans,"Hoodies,Blazers",0.2,0.25,1.25,3,2026-09-18 12:45:35
324,6,"8,9",Hoodies,"Jeans,Blazers",0.2,0.3333,1.1111,3,2026-09-18 12:45:35
325,"8,9",6,"Jeans,Blazers",Hoodies,0.2,0.6667,1.1111,3,2026-09-18 12:45:35
326,"6,9",8,"Hoodies,Blazers",Jeans,0.2,1.0,1.25,3,2026-09-18 12:45:35
327,9,"1,5",Blazers,"Jackets,Pants",0.2,0.4,1.0,3,2026-09-18 12:45:35
328,5,"1,9",Pants,"Jackets,Blazers",0.2,0.3333,1.6667,3,2026-09-18 12:45:35
329,"1,9",5,"Jackets,Blazers",Pants,0.2,1.0,1.6667,3,2026-09-18 12:45:35
330,"1,5",9,"Jackets,Pants",Blazers,0.2,0.5,1.0,3,2026-09-18 12:45:35
331,2,"5,8",Shirts,"Pants,Jeans",0.4,0.5714,1.4286,3,2026-09-18 12:45:35
332,5,"2,8",Pants,"Shirts,Jeans",0.4,0.6667,1.3333,3,2026-09-18 12:45:35
333,"2,8",5,"Shirts,Jeans",Pants,0.4,0.8,1.3333,3,2026-09-18 12:45:35
334,"5,8",2,"Pants,Jeans",Shirts,0.4,1.0,1.4286,3,2026-09-18 12:45:35
335,1,"2,6",Jackets,"Shirts,Hoodies",0.3,0.5,1.6667,3,2026-09-18 12:45:35
336,2,"1,6",Shirts,"Jackets,Hoodies",0.3,0.4286,1.0714,3,2026-09-18 12:45:35
337,6,"1,2",Hoodies,"Jackets,Shirts",0.3,0.5,1.0,3,2026-09-18 12:45:35
338,"1,2",6,"Jackets,Shirts",Hoodies,0.3,0.6,1.0,3,2026-09-18 12:45:35
339,"1,6",2,"Jackets,Hoodies",Shirts,0.3,0.75,1.0714,3,2026-09-18 12:45:35
340,"2,6",1,"Shirts,Hoodies",Jackets,0.3,1.0,1.6667,3,2026-09-18 12:45:35
341,"6,11",10,"Hoodies,T-Shirts",Dresses,0.1,1.0,1.25,3,2026-09-18 12:45:35
342,1,"2,11",Jackets,"Shirts,T-Shirts",0.2,0.3333,1.1111,3,2026-09-18 12:45:35
343,2,"1,11",Shirts,"Jackets,T-Shirts",0.2,0.2857,1.4286,3,2026-09-18 12:45:35
344,11,"1,2",T-Shirts,"Jackets,Shirts",0.2,0.6667,1.3333,3,2026-09-18 12:45:35
345,"1,2",11,"Jackets,Shirts",T-Shirts,0.2,0.4,1.3333,3,2026-09-18 12:45:35
346,"1,11",2,"Jackets,T-Shirts",Shirts,0.2,1.0,1.4286,3,2026-09-18 12:45:35
347,"2,11",1,"Shirts,T-Shirts",Jackets,0.2,0.6667,1.1111,3,2026-09-18 12:45:35
348,9,"10,11",Blazers,"Dresses,T-Shirts",0.2,0.4,1.3333,3,2026-09-18 12:45:35
349,10,"9,11",Dresses,"Blazers,T-Shirts",0.2,0.25,1.25,3,2026-09-18 12:45:35
350,11,"9,10",T-Shirts,"Blazers,Dresses",0.2,0.6667,1.6667,3,2026-09-18 12:45:35
351,"9,10",11,"Blazers,Dresses",T-Shirts,0.2,0.5,1.6667,3,2026-09-18 12:45:35
352,"9,11",10,"Blazers,T-Shirts",Dresses,0.2,1.0,1.25,3,2026-09-18 12:45:35
353,"10,11",9,"Dresses,T-Shirts",Blazers,0.2,0.6667,1.3333,3,2026-09-18 12:45:35
354,5,"3,10",Pants,"T-Shirts,Dresses",0.3,0.5,1.0,3,2026-09-18 12:45:35
355,"3,10",5,"T-Shirts,Dresses",Pants,0.3,0.6,1.0,3,2026-09-18 12:45:35
356,10,"4,6",Dresses,"Dresses,Hoodies",0.2,0.25,1.25,3,2026-09-18 12:45:35
357,4,"6,10",Dresses,"Hoodies,Dresses",0.2,0.4,1.0,3,2026-09-18 12:45:35
358,"6,10",4,"Hoodies,Dresses",Dresses,0.2,0.5,1.0,3,2026-09-18 12:45:35
359,"4,6",10,"Dresses,Hoodies",Dresses,0.2,1.0,1.25,3,2026-09-18 12:45:35
360,4,"1,5",Dresses,"Jackets,Pants",0.2,0.4,1.0,3,2026-09-18 12:45:35
361,5,"1,4",Pants,"Jackets,Dresses",0.2,0.3333,1.6667,3,2026-09-18 12:45:35
362,"1,4",5,"Jackets,Dresses",Pants,0.2,1.0,1.6667,3,2026-09-18 12:45:35
363,"1,5",4,"Jackets,Pants",Dresses,0.2,0.5,1.0,3,2026-09-18 12:45:35
364,8,"4,6",Jeans,"Dresses,Hoodies",0.2,0.25,1.25,3,2026-09-18 12:45:35
365,6,"4,8",Hoodies,"Dresses,Jeans",0.2,0.3333,1.1111,3,2026-09-18 12:45:35
366,"4,8",6,"Dresses,Jeans",Hoodies,0.2,0.6667,1.1111,3,2026-09-18 12:45:35
367,"4,6",8,"Dresses,Hoodies",Jeans,0.2,1.0,1.25,3,2026-09-18 12:45:35
368,12,"2,7",Shirts,"Shirts,T-Shirts",0.1,0.3333,1.6667,3,2026-09-18 12:45:35
369,7,"2,12",T-Shirts,"Shirts,Shirts",0.1,0.25,1.25,3,2026-09-18 12:45:35
370,"2,12",7,"Shirts,Shirts",T-Shirts,0.1,0.5,1.25,3,2026-09-18 12:45:35
371,"2,7",12,"Shirts,T-Shirts",Shirts,0.1,0.5,1.6667,3,2026-09-18 12:45:35
372,2,"5,7",Shirts,"Pants,T-Shirts",0.2,0.2857,1.4286,3,2026-09-18 12:45:35
373,5,"2,7",Pants,"Shirts,T-Shirts",0.2,0.3333,1.6667,3,2026-09-18 12:45:35
374,"2,7",5,"Shirts,T-Shirts",Pants,0.2,1.0,1.6667,3,2026-09-18 12:45:35
375,"5,7",2,"Pants,T-Shirts",Shirts,0.2,1.0,1.4286,3,2026-09-18 12:45:35
376,10,"2,4",Dresses,"Shirts,Dresses",0.4,0.5,1.25,3,2026-09-18 12:45:35
377,2,"4,10",Shirts,"Dresses,Dresses",0.4,0.5714,1.1429,3,2026-09-18 12:45:35
378,4,"2,10",Dresses,"Shirts,Dresses",0.4,0.8,1.3333,3,2026-09-18 12:45:35
379,"2,10",4,"Shirts,Dresses",Dresses,0.4,0.6667,1.3333,3,2026-09-18 12:45:35
380,"4,10",2,"Dresses,Dresses",Shirts,0.4,0.8,1.1429,3,2026-09-18 12:45:35
381,"2,4",10,"Shirts,Dresses",Dresses,0.4,1.0,1.25,3,2026-09-18 12:45:35
382,4,"1,9",Dresses,"Jackets,Blazers",0.1,0.2,1.0,3,2026-09-18 12:45:35
383,9,"1,4",Blazers,"Jackets,Dresses",0.1,0.2,1.0,3,2026-09-18 12:45:35
384,"1,4",9,"Jackets,Dresses",Blazers,0.1,0.5,1.0,3,2026-09-18 12:45:35
385,"1,9",4,"Jackets,Blazers",Dresses,0.1,0.5,1.0,3,2026-09-18 12:45:35
386,2,"4,5",Shirts,"Dresses,Pants",0.4,0.5714,1.4286,3,2026-09-18 12:45:35
387,4,"2,5",Dresses,"Shirts,Pants",0.4,0.8,1.3333,3,2026-09-18 12:45:35
388,5,"2,4",Pants,"Shirts,Dresses",0.4,0.6667,1.6667,3,2026-09-18 12:45:35
389,"2,4",5,"Shirts,Dresses",Pants,0.4,1.0,1.6667,3,2026-09-18 12:45:35
390,"2,5",4,"Shirts,Pants",Dresses,0.4,0.6667,1.3333,3,2026-09-18 12:45:35
391,"4,5",2,"Dresses,Pants",Shirts,0.4,1.0,1.4286,3,2026-09-18 12:45:35
392,9,"5,8",Blazers,"Pants,Jeans",0.2,0.4,1.0,3,2026-09-18 12:45:35
393,5,"8,9",Pants,"Jeans,Blazers",0.2,0.3333,1.1111,3,2026-09-18 12:45:35
394,"8,9",5,"Jeans,Blazers",Pants,0.2,0.6667,1.1111,3,2026-09-18 12:45:35
395,"5,8",9,"Pants,Jeans",Blazers,0.2,0.5,1.0,3,2026-09-18 12:45:35
396,12,"6,7",Shirts,"Hoodies,T-Shirts",0.1,0.3333,1.6667,3,2026-09-18 12:45:35
397,7,"6,12",T-Shirts,"Hoodies,Shirts",0.1,0.25,2.5,3,2026-09-18 12:45:35
398,"6,12",7,"Hoodies,Shirts",T-Shirts,0.1,1.0,2.5,3,2026-09-18 12:45:35
399,"6,7",12,"Hoodies,T-Shirts",Shirts,0.1,0.5,1.6667,3,2026-09-18 12:45:35
400,9,"2,7",Blazers,"Shirts,T-Shirts",0.2,0.4,2.0,3,2026-09-18 12:45:35
401,7,"2,9",T-Shirts,"Shirts,Blazers",0.2,0.5,1.25,3,2026-09-18 12:45:35
402,"2,9",7,"Shirts,Blazers",T-Shirts,0.2,0.5,1.25,3,2026-09-18 12:45:35
403,"2,7",9,"Shirts,T-Shirts",Blazers,0.2,1.0,2.0,3,2026-09-18 12:45:35
404,11,"2,7",T-Shirts,"Shirts,T-Shirts",0.1,0.3333,1.6667,3,2026-09-18 12:45:35
405,"2,7",11,"Shirts,T-Shirts",T-Shirts,0.1,0.5,1.6667,3,2026-09-18 12:45:35
406,"7,11",2,"T-Shirts,T-Shirts",Shirts,0.1,1.0,1.4286,3,2026-09-18 12:45:35
407,4,"7,12",Dresses,"T-Shirts,Shirts",0.1,0.2,1.0,3,2026-09-18 12:45:35
408,12,"4,7",Shirts,"Dresses,T-Shirts",0.1,0.3333,1.6667,3,2026-09-18 12:45:35
409,7,"4,12",T-Shirts,"Dresses,Shirts",0.1,0.25,1.25,3,2026-09-18 12:45:35
410,"4,12",7,"Dresses,Shirts",T-Shirts,0.1,0.5,1.25,3,2026-09-18 12:45:35
411,"4,7",12,"Dresses,T-Shirts",Shirts,0.1,0.5,1.6667,3,2026-09-18 12:45:35
412,"7,12",4,"T-Shirts,Shirts",Dresses,0.1,0.5,1.0,3,2026-09-18 12:45:35
413,10,"2,11",Dresses,"Shirts,T-Shirts",0.3,0.375,1.25,3,2026-09-18 12:45:35
414,2,"10,11",Shirts,"Dresses,T-Shirts",0.3,0.4286,1.4286,3,2026-09-18 12:45:35
415,11,"2,10",T-Shirts,"Shirts,Dresses",0.3,1.0,1.6667,3,2026-09-18 12:45:35
416,"2,10",11,"Shirts,Dresses",T-Shirts,0.3,0.5,1.6667,3,2026-09-18 12:45:35
417,"10,11",2,"Dresses,T-Shirts",Shirts,0.3,1.0,1.4286,3,2026-09-18 12:45:35
418,"2,11",10,"Shirts,T-Shirts",Dresses,0.3,1.0,1.25,3,2026-09-18 12:45:35
419,9,"1,11",Blazers,"Jackets,T-Shirts",0.1,0.2,1.0,3,2026-09-18 12:45:35
420,11,"1,9",T-Shirts,"Jackets,Blazers",0.1,0.3333,1.6667,3,2026-09-18 12:45:35
421,"1,9",11,"Jackets,Blazers",T-Shirts,0.1,0.5,1.6667,3,2026-09-18 12:45:35
422,"1,11",9,"Jackets,T-Shirts",Blazers,0.1,0.5,1.0,3,2026-09-18 12:45:35
423,2,"8,11",Shirts,"Jeans,T-Shirts",0.2,0.2857,1.4286,3,2026-09-18 12:45:35
424,11,"2,8",T-Shirts,"Shirts,Jeans",0.2,0.6667,1.3333,3,2026-09-18 12:45:35
425,"2,8",11,"Shirts,Jeans",T-Shirts,0.2,0.4,1.3333,3,2026-09-18 12:45:35
426,"8,11",2,"Jeans,T-Shirts",Shirts,0.2,1.0,1.4286,3,2026-09-18 12:45:35
427,8,"3,6",Jeans,"T-Shirts,Hoodies",0.5,0.625,1.25,3,2026-09-18 12:45:35
428,3,"6,8",T-Shirts,"Hoodies,Jeans",0.5,0.7143,1.1905,3,2026-09-18 12:45:35
429,6,"3,8",Hoodies,"T-Shirts,Jeans",0.5,0.8333,1.1905,3,2026-09-18 12:45:35
430,"3,8",6,"T-Shirts,Jeans",Hoodies,0.5,0.7143,1.1905,3,2026-09-18 12:45:35
431,"6,8",3,"Hoodies,Jeans",T-Shirts,0.5,0.8333,1.1905,3,2026-09-18 12:45:35
432,"3,6",8,"T-Shirts,Hoodies",Jeans,0.5,1.0,1.25,3,2026-09-18 12:45:35
433,9,"2,10",Blazers,"Shirts,Dresses",0.4,0.8,1.3333,3,2026-09-18 12:45:35
434,2,"9,10",Shirts,"Blazers,Dresses",0.4,0.5714,1.4286,3,2026-09-18 12:45:35
435,10,"2,9",Dresses,"Shirts,Blazers",0.4,0.5,1.25,3,2026-09-18 12:45:35
436,"2,9",10,"Shirts,Blazers",Dresses,0.4,1.0,1.25,3,2026-09-18 12:45:35
437,"9,10",2,"Blazers,Dresses",Shirts,0.4,1.0,1.4286,3,2026-09-18 12:45:35
438,"2,10",9,"Shirts,Dresses",Blazers,0.4,0.6667,1.3333,3,2026-09-18 12:45:35
439,1,"3,5",Jackets,"T-Shirts,Pants",0.3,0.5,1.25,3,2026-09-18 12:45:35
440,3,"1,5",T-Shirts,"Jackets,Pants",0.3,0.4286,1.0714,3,2026-09-18 12:45:35
441,5,"1,3",Pants,"Jackets,T-Shirts",0.3,0.5,1.0,3,2026-09-18 12:45:35
442,"1,3",5,"Jackets,T-Shirts",Pants,0.3,0.6,1.0,3,2026-09-18 12:45:35
443,"1,5",3,"Jackets,Pants",T-Shirts,0.3,0.75,1.0714,3,2026-09-18 12:45:35
444,"3,5",1,"T-Shirts,Pants",Jackets,0.3,0.75,1.25,3,2026-09-18 12:45:35
445,1,"5,8",Jackets,"Pants,Jeans",0.3,0.5,1.25,3,2026-09-18 12:45:35
446,5,"1,8",Pants,"Jackets,Jeans",0.3,0.5,1.0,3,2026-09-18 12:45:35
447,"1,8",5,"Jackets,Jeans",Pants,0.3,0.6,1.0,3,2026-09-18 12:45:35
448,"5,8",1,"Pants,Jeans",Jackets,0.3,0.75,1.25,3,2026-09-18 12:45:35
449,2,"5,11",Shirts,"Pants,T-Shirts",0.2,0.2857,1.4286,3,2026-09-18 12:45:35
450,11,"2,5",T-Shirts,"Shirts,Pants",0.2,0.6667,1.1111,3,2026-09-18 12:45:35
451,5,"2,11",Pants,"Shirts,T-Shirts",0.2,0.3333,1.1111,3,2026-09-18 12:45:35
452,"2,11",5,"Shirts,T-Shirts",Pants,0.2,0.6667,1.1111,3,2026-09-18 12:45:35
453,"2,5",11,"Shirts,Pants",T-Shirts,0.2,0.3333,1.1111,3,2026-09-18 12:45:35
454,"5,11",2,"Pants,T-Shirts",Shirts,0.2,1.0,1.4286,3,2026-09-18 12:45:35
455,1,"3,10",Jackets,"T-Shirts,Dresses",0.4,0.6667,1.3333,3,2026-09-18 12:45:35
456,10,"1,3",Dresses,"Jackets,T-Shirts",0.4,0.5,1.0,3,2026-09-18 12:45:35
457,3,"1,10",T-Shirts,"Jackets,Dresses",0.4,0.5714,1.1429,3,2026-09-18 12:45:35
458,"1,10",3,"Jackets,Dresses",T-Shirts,0.4,0.8,1.1429,3,2026-09-18 12:45:35
459,"1,3",10,"Jackets,T-Shirts",Dresses,0.4,0.8,1.0,3,2026-09-18 12:45:35
460,"3,10",1,"T-Shirts,Dresses",Jackets,0.4,0.8,1.3333,3,2026-09-18 12:45:35
461,11,"7,10",T-Shirts,"T-Shirts,Dresses",0.1,0.3333,1.1111,3,2026-09-18 12:45:35
462,"7,10",11,"T-Shirts,Dresses",T-Shirts,0.1,0.3333,1.1111,3,2026-09-18 12:45:35
463,"7,11",10,"T-Shirts,T-Shirts",Dresses,0.1,1.0,1.25,3,2026-09-18 12:45:35
464,9,"6,12",Blazers,"Hoodies,Shirts",0.1,0.2,2.0,3,2026-09-18 12:45:35
465,12,"6,9",Shirts,"Hoodies,Blazers",0.1,0.3333,1.6667,3,2026-09-18 12:45:35
466,"6,9",12,"Hoodies,Blazers",Shirts,0.1,0.5,1.6667,3,2026-09-18 12:45:35
467,"6,12",9,"Hoodies,Shirts",Blazers,0.1,1.0,2.0,3,2026-09-18 12:45:35
468,"6,11",3,"Hoodies,T-Shirts",T-Shirts,0.1,1.0,1.4286,3,2026-09-18 12:45:35
469,3,"6,9",T-Shirts,"Hoodies,Blazers",0.2,0.2857,1.4286,3,2026-09-18 12:45:35
470,6,"3,9",Hoodies,"T-Shirts,Blazers",0.2,0.3333,1.1111,3,2026-09-18 12:45:35
471,"3,9",6,"T-Shirts,Blazers",Hoodies,0.2,0.6667,1.1111,3,2026-09-18 12:45:35
472,"6,9",3,"Hoodies,Blazers",T-Shirts,0.2,1.0,1.4286,3,2026-09-18 12:45:35
473,9,"4,5",Blazers,"Dresses,Pants",0.3,0.6,1.5,3,2026-09-18 12:45:35
474,4,"5,9",Dresses,"Pants,Blazers",0.3,0.6,1.5,3,2026-09-18 12:45:35
475,5,"4,9",Pants,"Dresses,Blazers",0.3,0.5,1.6667,3,2026-09-18 12:45:35
476,"4,9",5,"Dresses,Blazers",Pants,0.3,1.0,1.6667,3,2026-09-18 12:45:35
477,"5,9",4,"Pants,Blazers",Dresses,0.3,0.75,1.5,3,2026-09-18 12:45:35
478,"4,5",9,"Dresses,Pants",Blazers,0.3,0.75,1.5,3,2026-09-18 12:45:35
479,9,"4,12",Blazers,"Dresses,Shirts",0.2,0.4,2.0,3,2026-09-18 12:45:35
480,4,"9,12",Dresses,"Blazers,Shirts",0.2,0.4,1.3333,3,2026-09-18 12:45:35
481,12,"4,9",Shirts,"Dresses,Blazers",0.2,0.6667,2.2222,3,2026-09-18 12:45:35
482,"4,9",12,"Dresses,Blazers",Shirts,0.2,0.6667,2.2222,3,2026-09-18 12:45:35
483,"9,12",4,"Blazers,Shirts",Dresses,0.2,0.6667,1.3333,3,2026-09-18 12:45:35
484,"4,12",9,"Dresses,Shirts",Blazers,0.2,1.0,2.0,3,2026-09-18 12:45:35
485,4,"1,7",Dresses,"Jackets,T-Shirts",0.1,0.2,1.0,3,2026-09-18 12:45:35
486,7,"1,4",T-Shirts,"Jackets,Dresses",0.1,0.25,1.25,3,2026-09-18 12:45:35
487,"1,4",7,"Jackets,Dresses",T-Shirts,0.1,0.5,1.25,3,2026-09-18 12:45:35
488,"1,7",4,"Jackets,T-Shirts",Dresses,0.1,0.5,1.0,3,2026-09-18 12:45:35
489,12,"7,8",Shirts,"T-Shirts,Jeans",0.1,0.3333,1.6667,3,2026-09-18 12:45:35
490,7,"8,12",T-Shirts,"Jeans,Shirts",0.1,0.25,1.25,3,2026-09-18 12:45:35
491,"8,12",7,"Jeans,Shirts",T-Shirts,0.1,0.5,1.25,3,2026-09-18 12:45:35
492,"7,8",12,"T-Shirts,Jeans",Shirts,0.1,0.5,1.6667,3,2026-09-18 12:45:35
493,"4,11",2,"Dresses,T-Shirts",Shirts,0.1,1.0,1.4286,3,2026-09-18 12:45:35
494,11,"2,6",T-Shirts,"Shirts,Hoodies",0.1,0.3333,1.1111,3,2026-09-18 12:45:35
495,"2,6",11,"Shirts,Hoodies",T-Shirts,0.1,0.3333,1.1111,3,2026-09-18 12:45:35
496,"6,11",2,"Hoodies,T-Shirts",Shirts,0.1,1.0,1.4286,3,2026-09-18 12:45:35
497,9,"1,7",Blazers,"Jackets,T-Shirts",0.1,0.2,1.0,3,2026-09-18 12:45:35
498,7,"1,9",T-Shirts,"Jackets,Blazers",0.1,0.25,1.25,3,2026-09-18 12:45:35
499,"1,9",7,"Jackets,Blazers",T-Shirts,0.1,0.5,1.25,3,2026-09-18 12:45:35
500,"1,7",9,"Jackets,T-Shirts",Blazers,0.1,0.5,1.0,3,2026-09-18 12:45:35
501,9,"6,7",Blazers,"Hoodies,T-Shirts",0.1,0.2,1.0,3,2026-09-18 12:45:35
502,7,"6,9",T-Shirts,"Hoodies,Blazers",0.1,0.25,1.25,3,2026-09-18 12:45:35
503,"6,9",7,"Hoodies,Blazers",T-Shirts,0.1,0.5,1.25,3,2026-09-18 12:45:35
504,"6,7",9,"Hoodies,T-Shirts",Blazers,0.1,0.5,1.0,3,2026-09-18 12:45:35
505,3,"2,6",T-Shirts,"Shirts,Hoodies",0.3,0.4286,1.4286,3,2026-09-18 12:45:35
506,6,"2,3",Hoodies,"Shirts,T-Shirts",0.3,0.5,1.0,3,2026-09-18 12:45:35
507,"2,3",6,"Shirts,T-Shirts",Hoodies,0.3,0.6,1.0,3,2026-09-18 12:45:35
508,"2,6",3,"Shirts,Hoodies",T-Shirts,0.3,1.0,1.4286,3,2026-09-18 12:45:35
509,1,"2,5",Jackets,"Shirts,Pants",0.4,0.6667,1.1111,3,2026-09-18 12:45:35
510,2,"1,5",Shirts,"Jackets,Pants",0.4,0.5714,1.4286,3,2026-09-18 12:45:35
511,5,"1,2",Pants,"Jackets,Shirts",0.4,0.6667,1.3333,3,2026-09-18 12:45:35
512,"1,2",5,"Jackets,Shirts",Pants,0.4,0.8,1.3333,3,2026-09-18 12:45:35
513,"1,5",2,"Jackets,Pants",Shirts,0.4,1.0,1.4286,3,2026-09-18 12:45:35
514,"2,5",1,"Shirts,Pants",Jackets,0.4,0.6667,1.1111,3,2026-09-18 12:45:35
515,3,"8,11",T-Shirts,"Jeans,T-Shirts",0.2,0.2857,1.4286,3,2026-09-18 12:45:35
516,8,"3,11",Jeans,"T-Shirts,T-Shirts",0.2,0.25,1.25,3,2026-09-18 12:45:35
517,"3,11",8,"T-Shirts,T-Shirts",Jeans,0.2,1.0,1.25,3,2026-09-18 12:45:35
518,"8,11",3,"Jeans,T-Shirts",T-Shirts,0.2,1.0,1.4286,3,2026-09-18 12:45:35
519,9,"8,12",Blazers,"Jeans,Shirts",0.2,0.4,2.0,3,2026-09-18 12:45:35
520,12,"8,9",Shirts,"Jeans,Blazers",0.2,0.6667,2.2222,3,2026-09-18 12:45:35
521,"8,9",12,"Jeans,Blazers",Shirts,0.2,0.6667,2.2222,3,2026-09-18 12:45:35
522,"8,12",9,"Jeans,Shirts",Blazers,0.2,1.0,2.0,3,2026-09-18 12:45:35
523,8,"2,6",Jeans,"Shirts,Hoodies",0.3,0.375,1.25,3,2026-09-18 12:45:35
524,6,"2,8",Hoodies,"Shirts,Jeans",0.3,0.5,1.0,3,2026-09-18 12:45:35
525,"2,8",6,"Shirts,Jeans",Hoodies,0.3,0.6,1.0,3,2026-09-18 12:45:35
526,"2,6",8,"Shirts,Hoodies",Jeans,0.3,1.0,1.25,3,2026-09-18 12:45:35
527,9,"10,12",Blazers,"Dresses,Shirts",0.2,0.4,2.0,3,2026-09-18 12:45:35
528,12,"9,10",Shirts,"Blazers,Dresses",0.2,0.6667,1.6667,3,2026-09-18 12:45:35
529,"9,10",12,"Blazers,Dresses",Shirts,0.2,0.5,1.6667,3,2026-09-18 12:45:35
530,"10,12",9,"Dresses,Shirts",Blazers,0.2,1.0,2.0,3,2026-09-18 12:45:35
531,10,"3,11",Dresses,"T-Shirts,T-Shirts",0.2,0.25,1.25,3,2026-09-18 12:45:35
532,11,"3,10",T-Shirts,"T-Shirts,Dresses",0.2,0.6667,1.3333,3,2026-09-18 12:45:35
533,"3,10",11,"T-Shirts,Dresses",T-Shirts,0.2,0.4,1.3333,3,2026-09-18 12:45:35
534,"3,11",10,"T-Shirts,T-Shirts",Dresses,0.2,1.0,1.25,3,2026-09-18 12:45:35
535,8,"3,9",Jeans,"T-Shirts,Blazers",0.3,0.375,1.25,3,2026-09-18 12:45:35
536,3,"8,9",T-Shirts,"Jeans,Blazers",0.3,0.4286,1.4286,3,2026-09-18 12:45:35
537,"8,9",3,"Jeans,Blazers",T-Shirts,0.3,1.0,1.4286,3,2026-09-18 12:45:35
538,"3,9",8,"T-Shirts,Blazers",Jeans,0.3,1.0,1.25,3,2026-09-18 12:45:35
539,3,"6,7",T-Shirts,"Hoodies,T-Shirts",0.2,0.2857,1.4286,3,2026-09-18 12:45:35
540,6,"3,7",Hoodies,"T-Shirts,T-Shirts",0.2,0.3333,1.6667,3,2026-09-18 12:45:35
541,7,"3,6",T-Shirts,"T-Shirts,Hoodies",0.2,0.5,1.0,3,2026-09-18 12:45:35
542,"3,6",7,"T-Shirts,Hoodies",T-Shirts,0.2,0.4,1.0,3,2026-09-18 12:45:35
543,"3,7",6,"T-Shirts,T-Shirts",Hoodies,0.2,1.0,1.6667,3,2026-09-18 12:45:35
544,"6,7",3,"Hoodies,T-Shirts",T-Shirts,0.2,1.0,1.4286,3,2026-09-18 12:45:35
545,4,"5,7",Dresses,"Pants,T-Shirts",0.2,0.4,2.0,3,2026-09-18 12:45:35
546,5,"4,7",Pants,"Dresses,T-Shirts",0.2,0.3333,1.6667,3,2026-09-18 12:45:35
547,7,"4,5",T-Shirts,"Dresses,Pants",0.2,0.5,1.25,3,2026-09-18 12:45:35
548,"4,5",7,"Dresses,Pants",T-Shirts,0.2,0.5,1.25,3,2026-09-18 12:45:35
549,"4,7",5,"Dresses,T-Shirts",Pants,0.2,1.0,1.6667,3,2026-09-18 12:45:35
550,"5,7",4,"Pants,T-Shirts",Dresses,0.2,1.0,2.0,3,2026-09-18 12:45:35
551,3,"6,10",T-Shirts,"Hoodies,Dresses",0.3,0.4286,1.0714,3,2026-09-18 12:45:35
552,6,"3,10",Hoodies,"T-Shirts,Dresses",0.3,0.5,1.0,3,2026-09-18 12:45:35
553,"3,10",6,"T-Shirts,Dresses",Hoodies,0.3,0.6,1.0,3,2026-09-18 12:45:35
554,"6,10",3,"Hoodies,Dresses",T-Shirts,0.3,0.75,1.0714,3,2026-09-18 12:45:35
555,"6,12",8,"Hoodies,Shirts",Jeans,0.1,1.0,1.25,3,2026-09-18 12:45:35
556,8,"5,6",Jeans,"Pants,Hoodies",0.3,0.375,1.25,3,2026-09-18 12:45:35
557,6,"5,8",Hoodies,"Pants,Jeans",0.3,0.5,1.25,3,2026-09-18 12:45:35
558,"5,8",6,"Pants,Jeans",Hoodies,0.3,0.75,1.25,3,2026-09-18 12:45:35
559,"5,6",8,"Pants,Hoodies",Jeans,0.3,1.0,1.25,3,2026-09-18 12:45:35
560,8,"1,3",Jeans,"Jackets,T-Shirts",0.5,0.625,1.25,3,2026-09-18 12:45:35
561,1,"3,8",Jackets,"T-Shirts,Jeans",0.5,0.8333,1.1905,3,2026-09-18 12:45:35
562,3,"1,8",T-Shirts,"Jackets,Jeans",0.5,0.7143,1.4286,3,2026-09-18 12:45:35
563,"1,8",3,"Jackets,Jeans",T-Shirts,0.5,1.0,1.4286,3,2026-09-18 12:45:35
564,"3,8",1,"T-Shirts,Jeans",Jackets,0.5,0.7143,1.1905,3,2026-09-18 12:45:35
565,"1,3",8,"Jackets,T-Shirts",Jeans,0.5,1.0,1.25,3,2026-09-18 12:45:35
566,3,"5,6",T-Shirts,"Pants,Hoodies",0.3,0.4286,1.4286,3,2026-09-18 12:45:35
567,5,"3,6",Pants,"T-Shirts,Hoodies",0.3,0.5,1.0,3,2026-09-18 12:45:35
568,6,"3,5",Hoodies,"T-Shirts,Pants",0.3,0.5,1.25,3,2026-09-18 12:45:35
569,"3,5",6,"T-Shirts,Pants",Hoodies,0.3,0.75,1.25,3,2026-09-18 12:45:35
570,"3,6",5,"T-Shirts,Hoodies",Pants,0.3,0.6,1.0,3,2026-09-18 12:45:35
571,"5,6",3,"Pants,Hoodies",T-Shirts,0.3,1.0,1.4286,3,2026-09-18 12:45:35
572,10,"3,4",Dresses,"T-Shirts,Dresses",0.2,0.25,1.25,3,2026-09-18 12:45:35
573,"3,4",10,"T-Shirts,Dresses",Dresses,0.2,1.0,1.25,3,2026-09-18 12:45:35
574,"6,12",3,"Hoodies,Shirts",T-Shirts,0.1,1.0,1.4286,3,2026-09-18 12:45:35
575,9,"6,11",Blazers,"Hoodies,T-Shirts",0.1,0.2,2.0,3,2026-09-18 12:45:35
576,11,"6,9",T-Shirts,"Hoodies,Blazers",0.1,0.3333,1.6667,3,2026-09-18 12:45:35
577,"6,9",11,"Hoodies,Blazers",T-Shirts,0.1,0.5,1.6667,3,2026-09-18 12:45:35
578,"6,11",9,"Hoodies,T-Shirts",Blazers,0.1,1.0,2.0,3,2026-09-18 12:45:35
579,8,"1,11",Jeans,"Jackets,T-Shirts",0.2,0.25,1.25,3,2026-09-18 12:45:35
580,1,"8,11",Jackets,"Jeans,T-Shirts",0.2,0.3333,1.6667,3,2026-09-18 12:45:35
581,11,"1,8",T-Shirts,"Jackets,Jeans",0.2,0.6667,1.3333,3,2026-09-18 12:45:35
582,"1,8",11,"Jackets,Jeans",T-Shirts,0.2,0.4,1.3333,3,2026-09-18 12:45:35
583,"8,11",1,"Jeans,T-Shirts",Jackets,0.2,1.0,1.6667,3,2026-09-18 12:45:35
584,"1,11",8,"Jackets,T-Shirts",Jeans,0.2,1.0,1.25,3,2026-09-18 12:45:35
585,11,"5,6",T-Shirts,"Pants,Hoodies",0.1,0.3333,1.1111,3,2026-09-18 12:45:35
586,"6,11",5,"Hoodies,T-Shirts",Pants,0.1,1.0,1.6667,3,2026-09-18 12:45:35
587,"5,6",11,"Pants,Hoodies",T-Shirts,0.1,0.3333,1.1111,3,2026-09-18 12:45:35
588,"4,11",10,"Dresses,T-Shirts",Dresses,0.1,1.0,1.25,3,2026-09-18 12:45:35
589,11,"4,12",T-Shirts,"Dresses,Shirts",0.1,0.3333,1.6667,3,2026-09-18 12:45:35
590,12,"4,11",Shirts,"Dresses,T-Shirts",0.1,0.3333,3.3333,3,2026-09-18 12:45:35
591,4,"11,12",Dresses,"T-Shirts,Shirts",0.1,0.2,2.0,3,2026-09-18 12:45:35
592,"11,12",4,"T-Shirts,Shirts",Dresses,0.1,1.0,2.0,3,2026-09-18 12:45:35
593,"4,11",12,"Dresses,T-Shirts",Shirts,0.1,1.0,3.3333,3,2026-09-18 12:45:35
594,"4,12",11,"Dresses,Shirts",T-Shirts,0.1,0.5,1.6667,3,2026-09-18 12:45:35
595,9,"3,4",Blazers,"T-Shirts,Dresses",0.1,0.2,1.0,3,2026-09-18 12:45:35
596,"3,4",9,"T-Shirts,Dresses",Blazers,0.1,0.5,1.0,3,2026-09-18 12:45:35
597,4,"5,11",Dresses,"Pants,T-Shirts",0.1,0.2,1.0,3,2026-09-18 12:45:35
598,"4,11",5,"Dresses,T-Shirts",Pants,0.1,1.0,1.6667,3,2026-09-18 12:45:35
599,"5,11",4,"Pants,T-Shirts",Dresses,0.1,0.5,1.0,3,2026-09-18 12:45:35
600,10,"5,7",Dresses,"Pants,T-Shirts",0.2,0.25,1.25,3,2026-09-18 12:45:35
601,5,"7,10",Pants,"T-Shirts,Dresses",0.2,0.3333,1.1111,3,2026-09-18 12:45:35
602,7,"5,10",T-Shirts,"Pants,Dresses",0.2,0.5,1.0,3,2026-09-18 12:45:35
603,"5,10",7,"Pants,Dresses",T-Shirts,0.2,0.4,1.0,3,2026-09-18 12:45:35
604,"7,10",5,"T-Shirts,Dresses",Pants,0.2,0.6667,1.1111,3,2026-09-18 12:45:35
605,"5,7",10,"Pants,T-Shirts",Dresses,0.2,1.0,1.25,3,2026-09-18 12:45:35
606,12,"7,10",Shirts,"T-Shirts,Dresses",0.1,0.3333,1.1111,3,2026-09-18 12:45:35
607,7,"10,12",T-Shirts,"Dresses,Shirts",0.1,0.25,1.25,3,2026-09-18 12:45:35
608,"10,12",7,"Dresses,Shirts",T-Shirts,0.1,0.5,1.25,3,2026-09-18 12:45:35
609,"7,10",12,"T-Shirts,Dresses",Shirts,0.1,0.3333,1.1111,3,2026-09-18 12:45:35
610,8,"3,7",Jeans,"T-Shirts,T-Shirts",0.2,0.25,1.25,3,2026-09-18 12:45:35
611,3,"7,8",T-Shirts,"T-Shirts,Jeans",0.2,0.2857,1.4286,3,2026-09-18 12:45:35
612,"7,8",3,"T-Shirts,Jeans",T-Shirts,0.2,1.0,1.4286,3,2026-09-18 12:45:35
613,"3,7",8,"T-Shirts,T-Shirts",Jeans,0.2,1.0,1.25,3,2026-09-18 12:45:35
614,9,"2,4",Blazers,"Shirts,Dresses",0.3,0.6,1.5,3,2026-09-18 12:45:35
615,2,"4,9",Shirts,"Dresses,Blazers",0.3,0.4286,1.4286,3,2026-09-18 12:45:35
616,4,"2,9",Dresses,"Shirts,Blazers",0.3,0.6,1.5,3,2026-09-18 12:45:35
617,"2,9",4,"Shirts,Blazers",Dresses,0.3,0.75,1.5,3,2026-09-18 12:45:35
618,"4,9",2,"Dresses,Blazers",Shirts,0.3,1.0,1.4286,3,2026-09-18 12:45:35
619,"2,4",9,"Shirts,Dresses",Blazers,0.3,0.75,1.5,3,2026-09-18 12:45:35
620,10,"1,4",Dresses,"Jackets,Dresses",0.2,0.25,1.25,3,2026-09-18 12:45:35
621,"1,4",10,"Jackets,Dresses",Dresses,0.2,1.0,1.25,3,2026-09-18 12:45:35
622,8,"3,10",Jeans,"T-Shirts,Dresses",0.5,0.625,1.25,3,2026-09-18 12:45:35
623,3,"8,10",T-Shirts,"Jeans,Dresses",0.5,0.7143,1.1905,3,2026-09-18 12:45:35
624,"8,10",3,"Jeans,Dresses",T-Shirts,0.5,0.8333,1.1905,3,2026-09-18 12:45:35
625,"3,10",8,"T-Shirts,Dresses",Jeans,0.5,1.0,1.25,3,2026-09-18 12:45:35
626,10,"2,7",Dresses,"Shirts,T-Shirts",0.2,0.25,1.25,3,2026-09-18 12:45:35
627,"2,7",10,"Shirts,T-Shirts",Dresses,0.2,1.0,1.25,3,2026-09-18 12:45:35
628,10,"8,11",Dresses,"Jeans,T-Shirts",0.2,0.25,1.25,3,2026-09-18 12:45:35
629,11,"8,10",T-Shirts,"Jeans,Dresses",0.2,0.6667,1.1111,3,2026-09-18 12:45:35
630,"8,10",11,"Jeans,Dresses",T-Shirts,0.2,0.3333,1.1111,3,2026-09-18 12:45:35
631,"8,11",10,"Jeans,T-Shirts",Dresses,0.2,1.0,1.25,3,2026-09-18 12:45:35
632,9,"3,12",Blazers,"T-Shirts,Shirts",0.2,0.4,2.0,3,2026-09-18 12:45:35
633,12,"3,9",Shirts,"T-Shirts,Blazers",0.2,0.6667,2.2222,3,2026-09-18 12:45:35
634,"3,9",12,"T-Shirts,Blazers",Shirts,0.2,0.6667,2.2222,3,2026-09-18 12:45:35
635,"3,12",9,"T-Shirts,Shirts",Blazers,0.2,1.0,2.0,3,2026-09-18 12:45:35
636,8,"1,2",Jeans,"Jackets,Shirts",0.4,0.5,1.0,3,2026-09-18 12:45:35
637,1,"2,8",Jackets,"Shirts,Jeans",0.4,0.6667,1.3333,3,2026-09-18 12:45:35
638,2,"1,8",Shirts,"Jackets,Jeans",0.4,0.5714,1.1429,3,2026-09-18 12:45:35
639,"1,8",2,"Jackets,Jeans",Shirts,0.4,0.8,1.1429,3,2026-09-18 12:45:35
640,"2,8",1,"Shirts,Jeans",Jackets,0.4,0.8,1.3333,3,2026-09-18 12:45:35
641,"1,2",8,"Jackets,Shirts",Jeans,0.4,0.8,1.0,3,2026-09-18 12:45:35
642,2,"5,6",Shirts,"Pants,Hoodies",0.3,0.4286,1.4286,3,2026-09-18 12:45:35
643,5,"2,6",Pants,"Shirts,Hoodies",0.3,0.5,1.6667,3,2026-09-18 12:45:35
644,"2,6",5,"Shirts,Hoodies",Pants,0.3,1.0,1.6667,3,2026-09-18 12:45:35
645,"5,6",2,"Pants,Hoodies",Shirts,0.3,1.0,1.4286,3,2026-09-18 12:45:35
646,9,"5,10",Blazers,"Pants,Dresses",0.4,0.8,1.6,3,2026-09-18 12:45:35
647,10,"5,9",Dresses,"Pants,Blazers",0.4,0.5,1.25,3,2026-09-18 12:45:35
648,5,"9,10",Pants,"Blazers,Dresses",0.4,0.6667,1.6667,3,2026-09-18 12:45:35
649,"9,10",5,"Blazers,Dresses",Pants,0.4,1.0,1.6667,3,2026-09-18 12:45:35
650,"5,9",10,"Pants,Blazers",Dresses,0.4,1.0,1.25,3,2026-09-18 12:45:35
651,"5,10",9,"Pants,Dresses",Blazers,0.4,0.8,1.6,3,2026-09-18 12:45:35
652,1,"2,3",Jackets,"Shirts,T-Shirts",0.4,0.6667,1.3333,3,2026-09-18 12:45:35
653,2,"1,3",Shirts,"Jackets,T-Shirts",0.4,0.5714,1.1429,3,2026-09-18 12:45:35
654,3,"1,2",T-Shirts,"Jackets,Shirts",0.4,0.5714,1.1429,3,2026-09-18 12:45:35
655,"1,2",3,"Jackets,Shirts",T-Shirts,0.4,0.8,1.1429,3,2026-09-18 12:45:35
656,"1,3",2,"Jackets,T-Shirts",Shirts,0.4,0.8,1.1429,3,2026-09-18 12:45:35
657,"2,3",1,"Shirts,T-Shirts",Jackets,0.4,0.8,1.3333,3,2026-09-18 12:45:35
658,"6,11",1,"Hoodies,T-Shirts",Jackets,0.1,1.0,1.6667,3,2026-09-18 12:45:35
659,10,"5,11",Dresses,"Pants,T-Shirts",0.2,0.25,1.25,3,2026-09-18 12:45:35
660,11,"5,10",T-Shirts,"Pants,Dresses",0.2,0.6667,1.3333,3,2026-09-18 12:45:35
661,5,"10,11",Pants,"Dresses,T-Shirts",0.2,0.3333,1.1111,3,2026-09-18 12:45:35
662,"10,11",5,"Dresses,T-Shirts",Pants,0.2,0.6667,1.1111,3,2026-09-18 12:45:35
663,"5,10",11,"Pants,Dresses",T-Shirts,0.2,0.4,1.3333,3,2026-09-18 12:45:35
664,"5,11",10,"Pants,T-Shirts",Dresses,0.2,1.0,1.25,3,2026-09-18 12:45:35
665,8,"1,10",Jeans,"Jackets,Dresses",0.4,0.5,1.0,3,2026-09-18 12:45:35
666,1,"8,10",Jackets,"Jeans,Dresses",0.4,0.6667,1.1111,3,2026-09-18 12:45:35
667,10,"1,8",Dresses,"Jackets,Jeans",0.4,0.5,1.0,3,2026-09-18 12:45:35
668,"1,8",10,"Jackets,Jeans",Dresses,0.4,0.8,1.0,3,2026-09-18 12:45:35
669,"8,10",1,"Jeans,Dresses",Jackets,0.4,0.6667,1.1111,3,2026-09-18 12:45:35
670,"1,10",8,"Jackets,Dresses",Jeans,0.4,0.8,1.0,3,2026-09-18 12:45:35
671,10,"4,5",Dresses,"Dresses,Pants",0.4,0.5,1.25,3,2026-09-18 12:45:35
672,4,"5,10",Dresses,"Pants,Dresses",0.4,0.8,1.6,3,2026-09-18 12:45:35
673,5,"4,10",Pants,"Dresses,Dresses",0.4,0.6667,1.3333,3,2026-09-18 12:45:35
674,"4,10",5,"Dresses,Dresses",Pants,0.4,0.8,1.3333,3,2026-09-18 12:45:35
675,"5,10",4,"Pants,Dresses",Dresses,0.4,0.8,1.6,3,2026-09-18 12:45:35
676,"4,5",10,"Dresses,Pants",Dresses,0.4,1.0,1.25,3,2026-09-18 12:45:35
677,2,"4,7",Shirts,"Dresses,T-Shirts",0.2,0.2857,1.4286,3,2026-09-18 12:45:35
678,4,"2,7",Dresses,"Shirts,T-Shirts",0.2,0.4,2.0,3,2026-09-18 12:45:35
679,7,"2,4",T-Shirts,"Shirts,Dresses",0.2,0.5,1.25,3,2026-09-18 12:45:35
680,"2,4",7,"Shirts,Dresses",T-Shirts,0.2,0.5,1.25,3,2026-09-18 12:45:35
681,"2,7",4,"Shirts,T-Shirts",Dresses,0.2,1.0,2.0,3,2026-09-18 12:45:35
682,"4,7",2,"Dresses,T-Shirts",Shirts,0.2,1.0,1.4286,3,2026-09-18 12:45:35
683,11,"7,12",T-Shirts,"T-Shirts,Shirts",0.1,0.3333,1.6667,3,2026-09-18 12:45:35
684,12,"7,11",Shirts,"T-Shirts,T-Shirts",0.1,0.3333,3.3333,3,2026-09-18 12:45:35
685,7,"11,12",T-Shirts,"T-Shirts,Shirts",0.1,0.25,2.5,3,2026-09-18 12:45:35
686,"11,12",7,"T-Shirts,Shirts",T-Shirts,0.1,1.0,2.5,3,2026-09-18 12:45:35
687,"7,11",12,"T-Shirts,T-Shirts",Shirts,0.1,1.0,3.3333,3,2026-09-18 12:45:35
688,"7,12",11,"T-Shirts,Shirts",T-Shirts,0.1,0.5,1.6667,3,2026-09-18 12:45:35
689,9,"3,7",Blazers,"T-Shirts,T-Shirts",0.1,0.2,1.0,3,2026-09-18 12:45:35
690,"3,7",9,"T-Shirts,T-Shirts",Blazers,0.1,0.5,1.0,3,2026-09-18 12:45:35
691,2,"1,4",Shirts,"Jackets,Dresses",0.2,0.2857,1.4286,3,2026-09-18 12:45:35
692,"1,4",2,"Jackets,Dresses",Shirts,0.2,1.0,1.4286,3,2026-09-18 12:45:35
693,9,"4,10",Blazers,"Dresses,Dresses",0.3,0.6,1.2,3,2026-09-18 12:45:35
694,10,"4,9",Dresses,"Dresses,Blazers",0.3,0.375,1.25,3,2026-09-18 12:45:35
695,4,"9,10",Dresses,"Blazers,Dresses",0.3,0.6,1.5,3,2026-09-18 12:45:35
696,"9,10",4,"Blazers,Dresses",Dresses,0.3,0.75,1.5,3,2026-09-18 12:45:35
697,"4,9",10,"Dresses,Blazers",Dresses,0.3,1.0,1.25,3,2026-09-18 12:45:35
698,"4,10",9,"Dresses,Dresses",Blazers,0.3,0.6,1.2,3,2026-09-18 12:45:35
699,10,"2,3",Dresses,"Shirts,T-Shirts",0.4,0.5,1.0,3,2026-09-18 12:45:35
700,2,"3,10",Shirts,"T-Shirts,Dresses",0.4,0.5714,1.1429,3,2026-09-18 12:45:35
701,"3,10",2,"T-Shirts,Dresses",Shirts,0.4,0.8,1.1429,3,2026-09-18 12:45:35
702,"2,3",10,"Shirts,T-Shirts",Dresses,0.4,0.8,1.0,3,2026-09-18 12:45:35
703,"6,11",8,"Hoodies,T-Shirts",Jeans,0.1,1.0,1.25,3,2026-09-18 12:45:35
704,9,"7,11",Blazers,"T-Shirts,T-Shirts",0.1,0.2,2.0,3,2026-09-18 12:45:35
705,11,"7,9",T-Shirts,"T-Shirts,Blazers",0.1,0.3333,1.1111,3,2026-09-18 12:45:35
706,7,"9,11",T-Shirts,"Blazers,T-Shirts",0.1,0.25,1.25,3,2026-09-18 12:45:35
707,"9,11",7,"Blazers,T-Shirts",T-Shirts,0.1,0.5,1.25,3,2026-09-18 12:45:35
708,"7,9",11,"T-Shirts,Blazers",T-Shirts,0.1,0.3333,1.1111,3,2026-09-18 12:45:35
709,"7,11",9,"T-Shirts,T-Shirts",Blazers,0.1,1.0,2.0,3,2026-09-18 12:45:35
710,12,"3,7",Shirts,"T-Shirts,T-Shirts",0.1,0.3333,1.6667,3,2026-09-18 12:45:35
711,7,"3,12",T-Shirts,"T-Shirts,Shirts",0.1,0.25,1.25,3,2026-09-18 12:45:35
712,"3,12",7,"T-Shirts,Shirts",T-Shirts,0.1,0.5,1.25,3,2026-09-18 12:45:35
713,"3,7",12,"T-Shirts,T-Shirts",Shirts,0.1,0.5,1.6667,3,2026-09-18 12:45:35
714,1,"5,6",Jackets,"Pants,Hoodies",0.3,0.5,1.6667,3,2026-09-18 12:45:35
715,5,"1,6",Pants,"Jackets,Hoodies",0.3,0.5,1.25,3,2026-09-18 12:45:35
716,6,"1,5",Hoodies,"Jackets,Pants",0.3,0.5,1.25,3,2026-09-18 12:45:35
717,"1,5",6,"Jackets,Pants",Hoodies,0.3,0.75,1.25,3,2026-09-18 12:45:35
718,"1,6",5,"Jackets,Hoodies",Pants,0.3,0.75,1.25,3,2026-09-18 12:45:35
719,"5,6",1,"Pants,Hoodies",Jackets,0.3,1.0,1.6667,3,2026-09-18 12:45:35
