date,total_tryons,successful_tryons,failed_tryons,avg_processing_time_ms,avg_quality_score,unique_active_users,updated_at
2026-08-28,1,1,0,13000,0.9,1,2026-09-18 18:17:03
2026-08-29,7,6,1,7571,0.77,4,2026-09-18 18:17:03
2026-08-30,6,6,0,9333,0.9,3,2026-09-18 18:17:03
2026-08-31,4,3,1,10500,0.68,2,2026-09-18 18:17:03
2026-09-01,4,4,0,9750,0.9,2,2026-09-18 18:17:03
2026-09-02,3,2,1,12666,0.6,2,2026-09-18 18:17:03
2026-09-03,2,1,1,16000,0.45,1,2026-09-18 18:17:03
2026-09-04,9,8,1,11666,0.8,5,2026-09-18 18:17:03
2026-09-06,6,6,0,11000,0.9,3,2026-09-18 18:17:03
2026-09-07,6,5,1,11166,0.75,2,2026-09-18 18:17:03
2026-09-09,9,8,1,11111,0.8,4,2026-09-18 18:17:03
2026-09-10,4,3,1,9000,0.68,2,2026-09-18 18:17:03
2026-09-11,10,7,3,10700,0.63,4,2026-09-18 18:17:03
2026-09-12,3,3,0,8333,0.9,2,2026-09-18 18:17:03
2026-09-13,1,1,0,15000,0.9,1,2026-09-18 18:17:03
2026-09-14,8,8,0,11125,0.9,3,2026-09-18 18:17:03
2026-09-15,6,5,1,8833,0.75,3,2026-09-18 18:17:03
2026-09-16,9,6,3,9888,0.6,4,2026-09-18 18:17:03
2026-09-17,2,2,0,13000,0.9,1,2026-09-18 18:17:03
2026-09-18,5,4,1,11600,0.72,2,2026-09-18 18:17:03
