tryon_id,job_id,user_key,product_key,time_key,device_key,outcome_key,processing_time_ms,quality_score,user_rating,retry_count,saved_after_tryon,created_at
1,1,1,4,2026082922,1,1,9000,0.0,,0,0,2026-08-29 22:44:27
2,2,1,11,2026082922,1,2,12000,0.9,,0,0,2026-08-29 22:44:27
3,3,1,9,2026090609,1,2,12000,0.9,,0,0,2026-09-06 09:44:27
4,4,1,7,2026090609,1,2,8000,0.9,,0,0,2026-09-06 09:44:27
5,5,1,2,2026091620,1,2,14000,0.9,,0,0,2026-09-16 20:44:27
6,6,1,5,2026091620,1,1,10000,0.0,,0,0,2026-09-16 20:44:27
7,7,1,10,2026090410,1,2,17000,0.9,,0,0,2026-09-04 10:44:27
8,8,1,12,2026090410,1,2,11000,0.9,,0,0,2026-09-04 10:44:27
9,9,2,2,2026083120,1,2,8000,0.9,,0,0,2026-08-31 20:44:27
10,10,2,11,2026083120,1,1,13000,0.0,,0,0,2026-08-31 20:44:27
11,11,2,11,2026091804,1,1,15000,0.0,,0,0,2026-09-18 04:44:27
12,12,2,8,2026091804,1,2,4000,0.9,,0,0,2026-09-18 04:44:27
13,13,2,1,2026091804,1,2,15000,0.9,,0,0,2026-09-18 04:44:27
14,14,2,1,2026082921,1,2,8000,0.9,,0,0,2026-08-29 21:44:27
15,15,2,3,2026082921,1,2,6000,0.9,,0,0,2026-08-29 21:44:27
16,16,2,8,2026090906,1,2,12000,0.9,,0,0,2026-09-09 06:44:27
17,17,2,10,2026090906,1,2,9000,0.9,,0,0,2026-09-09 06:44:27
18,18,3,7,2026091401,1,2,16000,0.9,,0,0,2026-09-14 01:44:27
19,19,3,8,2026091401,1,2,4000,0.9,,0,0,2026-09-14 01:44:27
20,20,3,3,2026090417,1,2,9000,0.9,,0,0,2026-09-04 17:44:27
21,21,3,12,2026091100,1,2,11000,0.9,,0,0,2026-09-11 00:44:27
22,22,3,9,2026091100,1,2,11000,0.9,,0,0,2026-09-11 00:44:27
23,23,3,6,2026091100,1,2,8000,0.9,,0,0,2026-09-11 00:44:27
24,24,4,2,2026091417,1,2,16000,0.9,,0,0,2026-09-14 17:44:27
25,25,4,5,2026091417,1,2,4000,0.9,,0,0,2026-09-14 17:44:27
26,26,4,7,2026090218,1,2,15000,0.9,,0,0,2026-09-02 18:44:27
27,27,4,4,2026090608,1,2,14000,0.9,,0,0,2026-09-06 08:44:27
28,28,4,10,2026090608,1,2,5000,0.9,,0,0,2026-09-06 08:44:27
29,29,4,4,2026091514,1,2,5000,0.9,,0,0,2026-09-15 14:44:27
30,30,4,10,2026091514,1,1,15000,0.0,,0,0,2026-09-15 14:44:27
31,31,4,4,2026091400,1,2,12000,0.9,,0,0,2026-09-14 00:44:27
32,32,4,10,2026091400,1,2,14000,0.9,,0,0,2026-09-14 00:44:27
33,33,4,2,2026090709,1,2,17000,0.9,,0,0,2026-09-07 09:44:27
34,34,4,1,2026090709,1,2,8000,0.9,,0,0,2026-09-07 09:44:27
35,35,4,9,2026083019,1,2,6000,0.9,,0,0,2026-08-30 19:44:27
36,36,4,7,2026083019,1,2,11000,0.9,,0,0,2026-08-30 19:44:27
37,37,5,10,2026091310,1,2,15000,0.9,,0,0,2026-09-13 10:44:27
38,38,5,7,2026090305,1,2,15000,0.9,,0,0,2026-09-03 05:44:27
39,39,5,8,2026090305,1,1,17000,0.0,,0,0,2026-09-03 05:44:27
40,40,5,6,2026091022,1,1,5000,0.0,,0,0,2026-09-10 22:44:27
41,41,5,8,2026091022,1,2,12000,0.9,,0,0,2026-09-10 22:44:27
42,42,5,10,2026082903,1,2,4000,0.9,,0,0,2026-08-29 03:44:27
43,43,5,10,2026091616,1,1,17000,0.0,,0,0,2026-09-16 16:44:27
44,44,5,1,2026091704,1,2,15000,0.9,,0,0,2026-09-17 04:44:27
45,45,5,3,2026091704,1,2,11000,0.9,,0,0,2026-09-17 04:44:27
46,46,6,6,2026091802,1,2,18000,0.9,,0,0,2026-09-18 02:44:27
47,47,6,8,2026091802,1,2,6000,0.9,,0,0,2026-09-18 02:44:27
48,48,6,4,2026090619,1,2,18000,0.9,,0,0,2026-09-06 19:44:27
49,49,6,10,2026090619,1,2,9000,0.9,,0,0,2026-09-06 19:44:27
50,50,6,2,2026091215,1,2,9000,0.9,,0,0,2026-09-12 15:44:27
51,51,6,5,2026091215,1,2,8000,0.9,,0,0,2026-09-12 15:44:27
52,52,6,4,2026090405,1,2,10000,0.9,,0,0,2026-09-04 05:44:27
53,53,6,10,2026090405,1,2,18000,0.9,,0,0,2026-09-04 05:44:27
54,54,6,1,2026083115,1,2,6000,0.9,,0,0,2026-08-31 15:44:27
55,55,6,3,2026083115,1,2,15000,0.9,,0,0,2026-08-31 15:44:27
56,56,6,6,2026083005,1,2,9000,0.9,,0,0,2026-08-30 05:44:27
57,57,6,8,2026083005,1,2,11000,0.9,,0,0,2026-08-30 05:44:27
58,58,6,1,2026090903,1,2,6000,0.9,,0,0,2026-09-09 03:44:27
59,59,6,10,2026090903,1,2,12000,0.9,,0,0,2026-09-09 03:44:27
60,60,6,6,2026090903,1,2,16000,0.9,,0,0,2026-09-09 03:44:27
61,61,7,2,2026091618,1,2,8000,0.9,,0,0,2026-09-16 18:44:27
62,62,7,5,2026091618,1,2,6000,0.9,,0,0,2026-09-16 18:44:27
63,63,7,4,2026090923,1,2,15000,0.9,,0,0,2026-09-09 23:44:27
64,64,7,10,2026090923,1,2,6000,0.9,,0,0,2026-09-09 23:44:27
65,65,7,4,2026091522,1,2,10000,0.9,,0,0,2026-09-15 22:44:27
66,66,7,10,2026091522,1,2,9000,0.9,,0,0,2026-09-15 22:44:27
67,67,7,3,2026091602,1,2,9000,0.9,,0,0,2026-09-16 02:44:27
68,68,7,9,2026091602,1,2,5000,0.9,,0,0,2026-09-16 02:44:27
69,69,7,12,2026082818,1,2,13000,0.9,,0,0,2026-08-28 18:44:27
70,70,7,4,2026091105,1,1,7000,0.0,,0,0,2026-09-11 05:44:27
71,71,7,10,2026091105,1,2,8000,0.9,,0,0,2026-09-11 05:44:27
72,72,7,8,2026091403,1,2,13000,0.9,,0,0,2026-09-14 03:44:27
73,73,7,9,2026091403,1,2,10000,0.9,,0,0,2026-09-14 03:44:27
74,74,8,6,2026091220,1,2,8000,0.9,,0,0,2026-09-12 20:44:27
75,75,8,4,2026091001,1,2,10000,0.9,,0,0,2026-09-10 01:44:27
76,76,8,10,2026091001,1,2,9000,0.9,,0,0,2026-09-10 01:44:27
77,77,8,4,2026091610,1,1,7000,0.0,,0,0,2026-09-16 10:44:27
78,78,8,10,2026091610,1,2,13000,0.9,,0,0,2026-09-16 10:44:27
79,79,8,6,2026091101,1,1,6000,0.0,,0,0,2026-09-11 01:44:27
80,80,8,8,2026091101,1,2,14000,0.9,,0,0,2026-09-11 01:44:27
81,81,8,4,2026090101,1,2,10000,0.9,,0,0,2026-09-01 01:44:27
82,82,8,10,2026090101,1,2,9000,0.9,,0,0,2026-09-01 01:44:27
83,83,9,2,2026090704,1,2,15000,0.9,,0,0,2026-09-07 04:44:27
84,84,9,5,2026090704,1,2,16000,0.9,,0,0,2026-09-07 04:44:27
85,85,9,2,2026091120,1,2,8000,0.9,,0,0,2026-09-11 20:44:27
86,86,9,5,2026091120,1,2,18000,0.9,,0,0,2026-09-11 20:44:27
87,87,9,9,2026091120,1,1,16000,0.0,,0,0,2026-09-11 20:44:27
88,88,9,2,2026090209,1,2,8000,0.9,,0,0,2026-09-02 09:44:27
89,89,9,5,2026090209,1,1,15000,0.0,,0,0,2026-09-02 09:44:27
90,90,9,6,2026090909,1,1,16000,0.0,,0,0,2026-09-09 09:44:27
91,91,9,8,2026090909,1,2,8000,0.9,,0,0,2026-09-09 09:44:27
92,92,9,1,2026090713,1,2,5000,0.9,,0,0,2026-09-07 13:44:27
93,93,9,3,2026090713,1,1,6000,0.0,,0,0,2026-09-07 13:44:27
94,94,9,10,2026090419,1,1,5000,0.0,,0,0,2026-09-04 19:44:27
95,95,9,11,2026090419,1,2,13000,0.9,,0,0,2026-09-04 19:44:27
96,96,10,1,2026091500,1,2,9000,0.9,,0,0,2026-09-15 00:44:27
97,97,10,3,2026091500,1,2,5000,0.9,,0,0,2026-09-15 00:44:27
98,98,10,6,2026090117,1,2,7000,0.9,,0,0,2026-09-01 17:44:27
99,99,10,8,2026090117,1,2,13000,0.9,,0,0,2026-09-01 17:44:27
100,100,10,1,2026083013,1,2,10000,0.9,,0,0,2026-08-30 13:44:27
101,101,10,3,2026083013,1,2,9000,0.9,,0,0,2026-08-30 13:44:27
102,102,10,2,2026082914,1,2,10000,0.9,,0,0,2026-08-29 14:44:27
103,103,10,5,2026082914,1,2,4000,0.9,,0,0,2026-08-29 14:44:27
104,104,10,2,2026090404,1,2,16000,0.9,,0,0,2026-09-04 04:44:27
105,105,10,5,2026090404,1,2,6000,0.9,,0,0,2026-09-04 04:44:27
