id,amazon_product_id,title,price,currency,product_url,image_url,category,created_at,updated_at
1,B08DENIM01,Casual Blue Denim Jacket,2499.0,INR,https://www.amazon.in/dp/B08DENIM01,https://images-amazon.mock/images/B08DENIM01.jpg,Jackets,2026-09-18 18:13:48,2026-09-18 18:13:48
2,B08SHIRT02,Slim Fit White Formal Shirt,1299.0,INR,https://www.amazon.in/dp/B08SHIRT02,https://images-amazon.mock/images/B08SHIRT02.jpg,Shirts,2026-09-18 18:13:48,2026-09-18 18:13:48
3,B08TSHRT03,Classic Black Cotton T-Shirt,499.0,INR,https://www.amazon.in/dp/B08TSHRT03,https://images-amazon.mock/images/B08TSHRT03.jpg,T-Shirts,2026-09-18 18:13:48,2026-09-18 18:13:48
4,B08DRESS04,Floral Print Summer Midi Dress,1899.0,INR,https://www.amazon.in/dp/B08DRESS04,https://images-amazon.mock/images/B08DRESS04.jpg,Dresses,2026-09-18 18:13:48,2026-09-18 18:13:48
5,B08CHINO05,Dark Navy Chino Trousers,1599.0,INR,https://www.amazon.in/dp/B08CHINO05,https://images-amazon.mock/images/B08CHINO05.jpg,Pants,2026-09-18 18:13:48,2026-09-18 18:13:48
6,B08HOOD006,Red Oversized Graphic Hoodie,1799.0,INR,https://www.amazon.in/dp/B08HOOD006,https://images-amazon.mock/images/B08HOOD006.jpg,Hoodies,2026-09-18 18:13:48,2026-09-18 18:13:48
7,B08POLO007,Striped Cotton Polo T-Shirt,899.0,INR,https://www.amazon.in/dp/B08POLO007,https://images-amazon.mock/images/B08POLO007.jpg,T-Shirts,2026-09-18 18:13:48,2026-09-18 18:13:48
8,B08JEANS08,High-Waist Distressed Blue Jeans,1999.0,INR,https://www.amazon.in/dp/B08JEANS08,https://images-amazon.mock/images/B08JEANS08.jpg,Jeans,2026-09-18 18:13:48,2026-09-18 18:13:48
9,B08BLAZR09,Beige Linen Casual Blazer,3499.0,INR,https://www.amazon.in/dp/B08BLAZR09,https://images-amazon.mock/images/B08BLAZR09.jpg,Blazers,2026-09-18 18:13:48,2026-09-18 18:13:48
10,B08MAXI010,Green Bohemian Maxi Dress,2199.0,INR,https://www.amazon.in/dp/B08MAXI010,https://images-amazon.mock/images/B08MAXI010.jpg,Dresses,2026-09-18 18:13:48,2026-09-18 18:13:48
11,B08YELW011,Yellow Solid Round Neck Tee,399.0,INR,https://www.amazon.in/dp/B08YELW011,https://images-amazon.mock/images/B08YELW011.jpg,T-Shirts,2026-09-18 18:13:48,2026-09-18 18:13:48
12,B08FLAN012,Checked Grey Flannel Shirt,1499.0,INR,https://www.amazon.in/dp/B08FLAN012,https://images-amazon.mock/images/B08FLAN012.jpg,Shirts,2026-09-18 18:13:48,2026-09-18 18:13:48
13,B0H1CYZ34Y,Black Leather Jacket for Men | Collared Zip-Up Classic Style | Crop Fit Racing Sports Bomber Jacket | Premium Leather Regular Fit Jacket for Casual & Biker Wear,793.0,INR,https://www.amazon.in/EXOTIX-Leather-Collared-Classic-Premium/dp/B0H1CYZ34Y/ref=sr_1_6?dib=eyJ2IjoiMSJ9.5HCAUr7aBuhab7pCs6j5VccOL2DapsBJSZF_Gqdtakr_o3MvSx6-XHvfIuXC4epuEH1AzR7XpCbpDEMYkcAZgDEUI3CfBaeNE28Y5D5nuEl2s3nHCd_pHqaKYNf-1Xzky3-uQQGGgm2QqqXaAxVAayXerTtCM06Q1Lw9I8zz1zNaix-8UHeP4ImhUjXgqqSg4yql9643Qf3R4almTB-V_eFW3WNU2R4yFI4BbXn0HkGoTqTBsBD9qlayqsONcvVI0droFwZJu--R-Ln_f95fX7GAWcdoa3PGYcR-6c5p9DA.L8GX1JedxZhGCJ58nJukzK_WBXrBLWvH800nHs5i2i0&dib_tag=se&keywords=jackets&qid=1790140892&sr=8-6,https://m.media-amazon.com/images/I/51aa6X0QOmL._AC_UL320_.jpg,Jackets,2026-09-23 10:51:40,2026-09-23 10:51:40
14,B0FMDKS5JN,Jackets || Jacket for men || Lightweight Outwear Jacket (J-04-06),749.0,INR,https://www.amazon.in/Lymio-Jackets-Lightweight-Outwear-J-06-Green-L/dp/B0FMDKS5JN/ref=sr_1_7?dib=eyJ2IjoiMSJ9.5HCAUr7aBuhab7pCs6j5VccOL2DapsBJSZF_Gqdtakr_o3MvSx6-XHvfIuXC4epuEH1AzR7XpCbpDEMYkcAZgDEUI3CfBaeNE28Y5D5nuEl2s3nHCd_pHqaKYNf-1Xzky3-uQQGGgm2QqqXaAxVAayXerTtCM06Q1Lw9I8zz1zNaix-8UHeP4ImhUjXgqqSg4yql9643Qf3R4almTB-V_eFW3WNU2R4yFI4BbXn0HkGoTqTBsBD9qlayqsONcvVI0droFwZJu--R-Ln_f95fX7GAWcdoa3PGYcR-6c5p9DA.L8GX1JedxZhGCJ58nJukzK_WBXrBLWvH800nHs5i2i0&dib_tag=se&keywords=jackets&qid=1790140892&sr=8-7,https://m.media-amazon.com/images/I/619xMvtqClL._AC_UL320_.jpg,Jackets,2026-09-23 10:51:41,2026-09-23 10:51:41
15,B0GVB6YQ9S,URBUNVIBES Red& White F1 Speed Printed Elite Racing Design Zip jacket | Premium Wear for Men & Women,749.0,INR,https://www.amazon.in/URBUNVIBES-Printed-Racing-Design-Premium/dp/B0GVB6YQ9S/ref=sr_1_8?dib=eyJ2IjoiMSJ9.5HCAUr7aBuhab7pCs6j5VccOL2DapsBJSZF_Gqdtakr_o3MvSx6-XHvfIuXC4epuEH1AzR7XpCbpDEMYkcAZgDEUI3CfBaeNE28Y5D5nuEl2s3nHCd_pHqaKYNf-1Xzky3-uQQGGgm2QqqXaAxVAayXerTtCM06Q1Lw9I8zz1zNaix-8UHeP4ImhUjXgqqSg4yql9643Qf3R4almTB-V_eFW3WNU2R4yFI4BbXn0HkGoTqTBsBD9qlayqsONcvVI0droFwZJu--R-Ln_f95fX7GAWcdoa3PGYcR-6c5p9DA.L8GX1JedxZhGCJ58nJukzK_WBXrBLWvH800nHs5i2i0&dib_tag=se&keywords=jackets&qid=1790140892&sr=8-8,https://m.media-amazon.com/images/I/612rgTKbNvL._AC_UL320_.jpg,Jackets,2026-09-23 10:51:41,2026-09-23 10:51:41
16,B0CDGHSRMJ,MV40 Men Microfiber Water Resistant Convertible Active Wear Hoodie Jacket,1729.0,INR,https://www.amazon.in/Jockey-Microfiber-Resistant-Convertible-Jacket_Black_L/dp/B0CDGHSRMJ/ref=sr_1_9?dib=eyJ2IjoiMSJ9.5HCAUr7aBuhab7pCs6j5VccOL2DapsBJSZF_Gqdtakr_o3MvSx6-XHvfIuXC4epuEH1AzR7XpCbpDEMYkcAZgDEUI3CfBaeNE28Y5D5nuEl2s3nHCd_pHqaKYNf-1Xzky3-uQQGGgm2QqqXaAxVAayXerTtCM06Q1Lw9I8zz1zNaix-8UHeP4ImhUjXgqqSg4yql9643Qf3R4almTB-V_eFW3WNU2R4yFI4BbXn0HkGoTqTBsBD9qlayqsONcvVI0droFwZJu--R-Ln_f95fX7GAWcdoa3PGYcR-6c5p9DA.L8GX1JedxZhGCJ58nJukzK_WBXrBLWvH800nHs5i2i0&dib_tag=se&keywords=jackets&qid=1790140892&sr=8-9,https://m.media-amazon.com/images/I/61DRF4bkjjL._AC_UL320_.jpg,Jackets,2026-09-23 10:51:41,2026-09-23 10:51:41
17,B0H8B96Q8Y,Men's Casual White Jacket with Red Stripe Detail,499.0,INR,https://www.amazon.in/Generic-Mcj-white-001-WHITE-CASUAL-JACKET-XL/dp/B0H8B96Q8Y/ref=sr_1_10?dib=eyJ2IjoiMSJ9.5HCAUr7aBuhab7pCs6j5VccOL2DapsBJSZF_Gqdtakr_o3MvSx6-XHvfIuXC4epuEH1AzR7XpCbpDEMYkcAZgDEUI3CfBaeNE28Y5D5nuEl2s3nHCd_pHqaKYNf-1Xzky3-uQQGGgm2QqqXaAxVAayXerTtCM06Q1Lw9I8zz1zNaix-8UHeP4ImhUjXgqqSg4yql9643Qf3R4almTB-V_eFW3WNU2R4yFI4BbXn0HkGoTqTBsBD9qlayqsONcvVI0droFwZJu--R-Ln_f95fX7GAWcdoa3PGYcR-6c5p9DA.L8GX1JedxZhGCJ58nJukzK_WBXrBLWvH800nHs5i2i0&dib_tag=se&keywords=jackets&qid=1790140892&sr=8-10,https://m.media-amazon.com/images/I/61NMzCu932L._AC_UL320_.jpg,Jackets,2026-09-23 10:51:41,2026-09-23 10:51:41
18,B0FMDKT89B,Jackets || Jacket for men || Lightweight Outwear Jacket (J-04-06),749.0,INR,https://www.amazon.in/Lymio-Jackets-Lightweight-Outwear-J-05-Black-M/dp/B0FMDKT89B/ref=sr_1_16?dib=eyJ2IjoiMSJ9.5HCAUr7aBuhab7pCs6j5VccOL2DapsBJSZF_Gqdtakr_o3MvSx6-XHvfIuXC4epuEH1AzR7XpCbpDEMYkcAZgDEUI3CfBaeNE28Y5D5nuEl2s3nHCd_pHqaKYNf-1Xzky3-uQQGGgm2QqqXaAxVAayXerTtCM06Q1Lw9I8zz1zNaix-8UHeP4ImhUjXgqqSg4yql9643Qf3R4almTB-V_eFW3WNU2R4yFI4BbXn0HkGoTqTBsBD9qlayqsONcvVI0droFwZJu--R-Ln_f95fX7GAWcdoa3PGYcR-6c5p9DA.L8GX1JedxZhGCJ58nJukzK_WBXrBLWvH800nHs5i2i0&dib_tag=se&keywords=jackets&qid=1790140892&sr=8-16,https://m.media-amazon.com/images/I/61N03oj9kyL._AC_UL320_.jpg,Jackets,2026-09-23 10:51:41,2026-09-23 10:51:41
19,B0FSR38SMG,Casual Solid Full Sleeves Stylish Winter Hooded Neck Fleece Zipper Hoodie for Women,499.0,INR,https://www.amazon.in/PDKFASHIONS-Casual-Sleeves-Stylish-Winter/dp/B0FSR38SMG/ref=sr_1_17?dib=eyJ2IjoiMSJ9.5HCAUr7aBuhab7pCs6j5VccOL2DapsBJSZF_Gqdtakr_o3MvSx6-XHvfIuXC4epuEH1AzR7XpCbpDEMYkcAZgDEUI3CfBaeNE28Y5D5nuEl2s3nHCd_pHqaKYNf-1Xzky3-uQQGGgm2QqqXaAxVAayXerTtCM06Q1Lw9I8zz1zNaix-8UHeP4ImhUjXgqqSg4yql9643Qf3R4almTB-V_eFW3WNU2R4yFI4BbXn0HkGoTqTBsBD9qlayqsONcvVI0droFwZJu--R-Ln_f95fX7GAWcdoa3PGYcR-6c5p9DA.L8GX1JedxZhGCJ58nJukzK_WBXrBLWvH800nHs5i2i0&dib_tag=se&keywords=jackets&qid=1790140892&sr=8-17,https://m.media-amazon.com/images/I/416y4sb37GL._AC_UL320_.jpg,Jackets,2026-09-23 10:51:41,2026-09-23 10:51:41
20,B0HDFVL7J4,Men's Black Side Stripes Hooded Jacket,520.0,INR,https://www.amazon.in/Mens-Black-Stripes-Hooded-jacket/dp/B0HDFVL7J4/ref=sr_1_18?dib=eyJ2IjoiMSJ9.5HCAUr7aBuhab7pCs6j5VccOL2DapsBJSZF_Gqdtakr_o3MvSx6-XHvfIuXC4epuEH1AzR7XpCbpDEMYkcAZgDEUI3CfBaeNE28Y5D5nuEl2s3nHCd_pHqaKYNf-1Xzky3-uQQGGgm2QqqXaAxVAayXerTtCM06Q1Lw9I8zz1zNaix-8UHeP4ImhUjXgqqSg4yql9643Qf3R4almTB-V_eFW3WNU2R4yFI4BbXn0HkGoTqTBsBD9qlayqsONcvVI0droFwZJu--R-Ln_f95fX7GAWcdoa3PGYcR-6c5p9DA.L8GX1JedxZhGCJ58nJukzK_WBXrBLWvH800nHs5i2i0&dib_tag=se&keywords=jackets&qid=1790140892&sr=8-18,https://m.media-amazon.com/images/I/618Oro7UyfL._AC_UL320_.jpg,Jackets,2026-09-23 10:51:41,2026-09-23 10:51:41
21,B0H93ZDN25,Men's Fleece Jacket | Lightweight Winter Wear | Full Sleeve Regular Fit | High Neck Zip-Up | Solid Jacket for Men(1-J-12-14),649.0,INR,https://www.amazon.in/Lymio-Fleece-Lightweight-Regular-1-J-13-Beige-L/dp/B0H93ZDN25/ref=sr_1_19?dib=eyJ2IjoiMSJ9.5HCAUr7aBuhab7pCs6j5VccOL2DapsBJSZF_Gqdtakr_o3MvSx6-XHvfIuXC4epuEH1AzR7XpCbpDEMYkcAZgDEUI3CfBaeNE28Y5D5nuEl2s3nHCd_pHqaKYNf-1Xzky3-uQQGGgm2QqqXaAxVAayXerTtCM06Q1Lw9I8zz1zNaix-8UHeP4ImhUjXgqqSg4yql9643Qf3R4almTB-V_eFW3WNU2R4yFI4BbXn0HkGoTqTBsBD9qlayqsONcvVI0droFwZJu--R-Ln_f95fX7GAWcdoa3PGYcR-6c5p9DA.L8GX1JedxZhGCJ58nJukzK_WBXrBLWvH800nHs5i2i0&dib_tag=se&keywords=jackets&qid=1790140892&sr=8-19,https://m.media-amazon.com/images/I/61bF3s77aeL._AC_UL320_.jpg,Jackets,2026-09-23 10:51:41,2026-09-23 10:51:41
22,B0HJVCFFCW,"Men's Jacket Spread Collar Solid Lightweight Casual Denim Jacket (IN, Alpha,White)",499.0,INR,https://www.amazon.in/MONTREZ-Jacket-Spread-Lightweight-Regular/dp/B0HJVCFFCW/ref=sr_1_20?dib=eyJ2IjoiMSJ9.5HCAUr7aBuhab7pCs6j5VccOL2DapsBJSZF_Gqdtakr_o3MvSx6-XHvfIuXC4epuEH1AzR7XpCbpDEMYkcAZgDEUI3CfBaeNE28Y5D5nuEl2s3nHCd_pHqaKYNf-1Xzky3-uQQGGgm2QqqXaAxVAayXerTtCM06Q1Lw9I8zz1zNaix-8UHeP4ImhUjXgqqSg4yql9643Qf3R4almTB-V_eFW3WNU2R4yFI4BbXn0HkGoTqTBsBD9qlayqsONcvVI0droFwZJu--R-Ln_f95fX7GAWcdoa3PGYcR-6c5p9DA.L8GX1JedxZhGCJ58nJukzK_WBXrBLWvH800nHs5i2i0&dib_tag=se&keywords=jackets&qid=1790140892&sr=8-20,https://m.media-amazon.com/images/I/51hiEe4lnBL._AC_UL320_.jpg,Jackets,2026-09-23 10:51:41,2026-09-23 10:51:41
23,B0H6KPF5F5,leather jacket for men,699.0,INR,https://www.amazon.in/leather-jacket-men-Alpha-Black/dp/B0H6KPF5F5/ref=sr_1_23?dib=eyJ2IjoiMSJ9.5HCAUr7aBuhab7pCs6j5VccOL2DapsBJSZF_Gqdtakr_o3MvSx6-XHvfIuXC4epuEH1AzR7XpCbpDEMYkcAZgDEUI3CfBaeNE28Y5D5nuEl2s3nHCd_pHqaKYNf-1Xzky3-uQQGGgm2QqqXaAxVAayXerTtCM06Q1Lw9I8zz1zNaix-8UHeP4ImhUjXgqqSg4yql9643Qf3R4almTB-V_eFW3WNU2R4yFI4BbXn0HkGoTqTBsBD9qlayqsONcvVI0droFwZJu--R-Ln_f95fX7GAWcdoa3PGYcR-6c5p9DA.L8GX1JedxZhGCJ58nJukzK_WBXrBLWvH800nHs5i2i0&dib_tag=se&keywords=jackets&qid=1790140892&sr=8-23,https://m.media-amazon.com/images/I/51zrxm5HFwL._AC_UL320_.jpg,Jackets,2026-09-23 10:51:41,2026-09-23 10:51:41
24,B0GGB99G8M,Men's Color Block Hooded Jacket Lightweight Polyester Windcheater Streetwear Zipper Jacket for Winter,469.0,INR,https://www.amazon.in/Image-AniSom-Lightweight-Windcheater-Streetwear/dp/B0GGB99G8M/ref=sr_1_24?dib=eyJ2IjoiMSJ9.5HCAUr7aBuhab7pCs6j5VccOL2DapsBJSZF_Gqdtakr_o3MvSx6-XHvfIuXC4epuEH1AzR7XpCbpDEMYkcAZgDEUI3CfBaeNE28Y5D5nuEl2s3nHCd_pHqaKYNf-1Xzky3-uQQGGgm2QqqXaAxVAayXerTtCM06Q1Lw9I8zz1zNaix-8UHeP4ImhUjXgqqSg4yql9643Qf3R4almTB-V_eFW3WNU2R4yFI4BbXn0HkGoTqTBsBD9qlayqsONcvVI0droFwZJu--R-Ln_f95fX7GAWcdoa3PGYcR-6c5p9DA.L8GX1JedxZhGCJ58nJukzK_WBXrBLWvH800nHs5i2i0&dib_tag=se&keywords=jackets&qid=1790140892&sr=8-24,https://m.media-amazon.com/images/I/41QCSd4KwzL._AC_UL320_.jpg,Jackets,2026-09-23 10:51:41,2026-09-23 10:51:41
25,B0G4HFW8WN,Jackets || Jacket for men || Lightweight baseball Outwear Jacket with black and whie stripe,733.0,INR,https://www.amazon.in/THIRD-QUADRANT-Jackets-Lightweight-baseball/dp/B0G4HFW8WN/ref=sr_1_25?dib=eyJ2IjoiMSJ9.5HCAUr7aBuhab7pCs6j5VccOL2DapsBJSZF_Gqdtakr_o3MvSx6-XHvfIuXC4epuEH1AzR7XpCbpDEMYkcAZgDEUI3CfBaeNE28Y5D5nuEl2s3nHCd_pHqaKYNf-1Xzky3-uQQGGgm2QqqXaAxVAayXerTtCM06Q1Lw9I8zz1zNaix-8UHeP4ImhUjXgqqSg4yql9643Qf3R4almTB-V_eFW3WNU2R4yFI4BbXn0HkGoTqTBsBD9qlayqsONcvVI0droFwZJu--R-Ln_f95fX7GAWcdoa3PGYcR-6c5p9DA.L8GX1JedxZhGCJ58nJukzK_WBXrBLWvH800nHs5i2i0&dib_tag=se&keywords=jackets&qid=1790140892&sr=8-25,https://m.media-amazon.com/images/I/51+txLNg3VL._AC_UL320_.jpg,Jackets,2026-09-23 10:51:41,2026-09-23 10:51:41
26,B0GXQLLPY4,UrbanVibes BLACK F1 RACING STREETWEAR JACKET,749.0,INR,https://www.amazon.in/UrbanVibes-RACING-STREETWEAR-JACKET-Regular/dp/B0GXQLLPY4/ref=sr_1_26?dib=eyJ2IjoiMSJ9.5HCAUr7aBuhab7pCs6j5VccOL2DapsBJSZF_Gqdtakr_o3MvSx6-XHvfIuXC4epuEH1AzR7XpCbpDEMYkcAZgDEUI3CfBaeNE28Y5D5nuEl2s3nHCd_pHqaKYNf-1Xzky3-uQQGGgm2QqqXaAxVAayXerTtCM06Q1Lw9I8zz1zNaix-8UHeP4ImhUjXgqqSg4yql9643Qf3R4almTB-V_eFW3WNU2R4yFI4BbXn0HkGoTqTBsBD9qlayqsONcvVI0droFwZJu--R-Ln_f95fX7GAWcdoa3PGYcR-6c5p9DA.L8GX1JedxZhGCJ58nJukzK_WBXrBLWvH800nHs5i2i0&dib_tag=se&keywords=jackets&qid=1790140892&sr=8-26,https://m.media-amazon.com/images/I/51CyAyU-v8L._AC_UL320_.jpg,Jackets,2026-09-23 10:51:41,2026-09-23 10:51:41
27,B0GYB7CYY9,"ZYNEX Black F1 Speed Printed Jacket | Motorsport & Streetwear Fusion | Racing Jacket with Patches, Full Zip Hooded Motorsport Style Outerwear RED",745.75,INR,https://www.amazon.in/Printed-Motorsport-Streetwear-Patches-Outerwear/dp/B0GYB7CYY9/ref=sr_1_27?dib=eyJ2IjoiMSJ9.5HCAUr7aBuhab7pCs6j5VccOL2DapsBJSZF_Gqdtakr_o3MvSx6-XHvfIuXC4epuEH1AzR7XpCbpDEMYkcAZgDEUI3CfBaeNE28Y5D5nuEl2s3nHCd_pHqaKYNf-1Xzky3-uQQGGgm2QqqXaAxVAayXerTtCM06Q1Lw9I8zz1zNaix-8UHeP4ImhUjXgqqSg4yql9643Qf3R4almTB-V_eFW3WNU2R4yFI4BbXn0HkGoTqTBsBD9qlayqsONcvVI0droFwZJu--R-Ln_f95fX7GAWcdoa3PGYcR-6c5p9DA.L8GX1JedxZhGCJ58nJukzK_WBXrBLWvH800nHs5i2i0&dib_tag=se&keywords=jackets&qid=1790140892&sr=8-27,https://m.media-amazon.com/images/I/51hDbbKDmbL._AC_UL320_.jpg,Jackets,2026-09-23 10:51:41,2026-09-23 10:51:41
28,B0HBQGP7FJ,"Men's Premium Cotton Blend Printed Checkered Shirt | Full Sleeve Plaid Casual Button-Down Shirt | Soft & Comfortable Regular Fit | Office, Travel & Everyday Wear",499.0,INR,https://www.amazon.in/DEEMOON-Premium-Flannel-Checkered-Button-Down/dp/B0HBQGP7FJ/ref=sr_1_1?dib=eyJ2IjoiMSJ9.JgblKLLql1-mmVN7-fC3AK_pgfyJLe4SjR5wdIdIN_2gYNePw_6o_HYjADryTzJNyIwgWwaJKjYVCuw4fVQ7Pb7OlA6mT0L9LAAFyqE9kzBMTEKfqj3B3KafUFHQ8pOE7TuYzs4EHzRcMzk2QX5-J6hS8obzPFZWDeh0tH9sUk9d4HcGztlIHI7XbeWaDyAttj9yy_azN3Zuuip582pBO9OHkUzmFsjg5frMydxB7bs4KBscDCUEV3LszWNvLeawVi90IygpJ_jTwVX8rM_ctfc2lmmwNj3P9K4O1teB9E0.cD-DOizG7Uz8Bp0L7aXHAbOWdmd1oVCYrEv_PyWs9io&dib_tag=se&keywords=shirts+for+men&qid=1790140905&sr=8-1,https://m.media-amazon.com/images/I/81ochE-BbUL._AC_UL320_.jpg,Shirts,2026-09-23 10:51:53,2026-09-23 10:51:53
29,B0CBX5B4M9,Men's Casual Printed Striped Stylish Latest Formal Plus Size Shirt for Men | Cotton Mix 220 GSM,398.0,INR,https://www.amazon.in/TURN-Slim-Fit-Striped-Shirt/dp/B0CBX5B4M9/ref=sr_1_2?dib=eyJ2IjoiMSJ9.JgblKLLql1-mmVN7-fC3AK_pgfyJLe4SjR5wdIdIN_2gYNePw_6o_HYjADryTzJNyIwgWwaJKjYVCuw4fVQ7Pb7OlA6mT0L9LAAFyqE9kzBMTEKfqj3B3KafUFHQ8pOE7TuYzs4EHzRcMzk2QX5-J6hS8obzPFZWDeh0tH9sUk9d4HcGztlIHI7XbeWaDyAttj9yy_azN3Zuuip582pBO9OHkUzmFsjg5frMydxB7bs4KBscDCUEV3LszWNvLeawVi90IygpJ_jTwVX8rM_ctfc2lmmwNj3P9K4O1teB9E0.cD-DOizG7Uz8Bp0L7aXHAbOWdmd1oVCYrEv_PyWs9io&dib_tag=se&keywords=shirts+for+men&qid=1790140905&sr=8-2,https://m.media-amazon.com/images/I/71CyAHsiT+L._AC_UL320_.jpg,Shirts,2026-09-23 10:51:53,2026-09-23 10:51:53
30,B0CGLMT89Z,Men's Regular Fit Solid Soft Touch Cotton Casual Shirt with Pocket Design with Spread Collar & Full Sleeves (Available in Plus Size),495.0,INR,https://www.amazon.in/CB-COLEBROOK-Regular-Spread-Collar-Casual/dp/B0CGLMT89Z/ref=sr_1_3?dib=eyJ2IjoiMSJ9.JgblKLLql1-mmVN7-fC3AK_pgfyJLe4SjR5wdIdIN_2gYNePw_6o_HYjADryTzJNyIwgWwaJKjYVCuw4fVQ7Pb7OlA6mT0L9LAAFyqE9kzBMTEKfqj3B3KafUFHQ8pOE7TuYzs4EHzRcMzk2QX5-J6hS8obzPFZWDeh0tH9sUk9d4HcGztlIHI7XbeWaDyAttj9yy_azN3Zuuip582pBO9OHkUzmFsjg5frMydxB7bs4KBscDCUEV3LszWNvLeawVi90IygpJ_jTwVX8rM_ctfc2lmmwNj3P9K4O1teB9E0.cD-DOizG7Uz8Bp0L7aXHAbOWdmd1oVCYrEv_PyWs9io&dib_tag=se&keywords=shirts+for+men&qid=1790140905&sr=8-3,https://m.media-amazon.com/images/I/71DU0wuXOSL._AC_UL320_.jpg,Shirts,2026-09-23 10:51:53,2026-09-23 10:51:53
31,B0F4NGRKY4,Men's Casual Button Down Shirts Long Sleeve Linen Shirt Fashion Textured Beach Summer Shirt,495.0,INR,https://www.amazon.in/DEELMO-Casual-Fashion-Textured-Regular/dp/B0F4NGRKY4/ref=sr_1_4?dib=eyJ2IjoiMSJ9.JgblKLLql1-mmVN7-fC3AK_pgfyJLe4SjR5wdIdIN_2gYNePw_6o_HYjADryTzJNyIwgWwaJKjYVCuw4fVQ7Pb7OlA6mT0L9LAAFyqE9kzBMTEKfqj3B3KafUFHQ8pOE7TuYzs4EHzRcMzk2QX5-J6hS8obzPFZWDeh0tH9sUk9d4HcGztlIHI7XbeWaDyAttj9yy_azN3Zuuip582pBO9OHkUzmFsjg5frMydxB7bs4KBscDCUEV3LszWNvLeawVi90IygpJ_jTwVX8rM_ctfc2lmmwNj3P9K4O1teB9E0.cD-DOizG7Uz8Bp0L7aXHAbOWdmd1oVCYrEv_PyWs9io&dib_tag=se&keywords=shirts+for+men&qid=1790140905&sr=8-4,https://m.media-amazon.com/images/I/61s-ohqlfLL._AC_UL320_.jpg,Shirts,2026-09-23 10:51:53,2026-09-23 10:51:53
32,B0F47WVFDJ,"Cotton Men Shirt, Regular Fit",522.0,INR,https://www.amazon.in/Highlander-Mens-Slim-Shirt-PHSH000021_Navy/dp/B0F47WVFDJ/ref=sr_1_5?dib=eyJ2IjoiMSJ9.JgblKLLql1-mmVN7-fC3AK_pgfyJLe4SjR5wdIdIN_2gYNePw_6o_HYjADryTzJNyIwgWwaJKjYVCuw4fVQ7Pb7OlA6mT0L9LAAFyqE9kzBMTEKfqj3B3KafUFHQ8pOE7TuYzs4EHzRcMzk2QX5-J6hS8obzPFZWDeh0tH9sUk9d4HcGztlIHI7XbeWaDyAttj9yy_azN3Zuuip582pBO9OHkUzmFsjg5frMydxB7bs4KBscDCUEV3LszWNvLeawVi90IygpJ_jTwVX8rM_ctfc2lmmwNj3P9K4O1teB9E0.cD-DOizG7Uz8Bp0L7aXHAbOWdmd1oVCYrEv_PyWs9io&dib_tag=se&keywords=shirts+for+men&qid=1790140905&sr=8-5,https://m.media-amazon.com/images/I/71KBorUhcSL._AC_UL320_.jpg,Shirts,2026-09-23 10:51:53,2026-09-23 10:51:53
33,B0F47WVWLG,"Cotton Men Shirt, Regular Fit",449.0,INR,https://www.amazon.in/Highlander-Mens-Slim-PHSH000014_LT-White/dp/B0F47WVWLG/ref=sr_1_6?dib=eyJ2IjoiMSJ9.JgblKLLql1-mmVN7-fC3AK_pgfyJLe4SjR5wdIdIN_2gYNePw_6o_HYjADryTzJNyIwgWwaJKjYVCuw4fVQ7Pb7OlA6mT0L9LAAFyqE9kzBMTEKfqj3B3KafUFHQ8pOE7TuYzs4EHzRcMzk2QX5-J6hS8obzPFZWDeh0tH9sUk9d4HcGztlIHI7XbeWaDyAttj9yy_azN3Zuuip582pBO9OHkUzmFsjg5frMydxB7bs4KBscDCUEV3LszWNvLeawVi90IygpJ_jTwVX8rM_ctfc2lmmwNj3P9K4O1teB9E0.cD-DOizG7Uz8Bp0L7aXHAbOWdmd1oVCYrEv_PyWs9io&dib_tag=se&keywords=shirts+for+men&qid=1790140905&sr=8-6,https://m.media-amazon.com/images/I/61D0pD7uTOL._AC_UL320_.jpg,Shirts,2026-09-23 10:51:53,2026-09-23 10:51:53
34,B0FXRSKQBK,Men’s Stylish Cotton Blend Casual Shirt || Full Sleeve Button-Down Shirt with Dual Flap Pockets || Comfortable Breathable Fabric || Perfect for Casual Office and Outing Wear,495.0,INR,https://www.amazon.in/DEELMO-Stylish-Button-Down-Comfortable-Breathable/dp/B0FXRSKQBK/ref=sr_1_7?dib=eyJ2IjoiMSJ9.JgblKLLql1-mmVN7-fC3AK_pgfyJLe4SjR5wdIdIN_2gYNePw_6o_HYjADryTzJNyIwgWwaJKjYVCuw4fVQ7Pb7OlA6mT0L9LAAFyqE9kzBMTEKfqj3B3KafUFHQ8pOE7TuYzs4EHzRcMzk2QX5-J6hS8obzPFZWDeh0tH9sUk9d4HcGztlIHI7XbeWaDyAttj9yy_azN3Zuuip582pBO9OHkUzmFsjg5frMydxB7bs4KBscDCUEV3LszWNvLeawVi90IygpJ_jTwVX8rM_ctfc2lmmwNj3P9K4O1teB9E0.cD-DOizG7Uz8Bp0L7aXHAbOWdmd1oVCYrEv_PyWs9io&dib_tag=se&keywords=shirts+for+men&qid=1790140905&sr=8-7,https://m.media-amazon.com/images/I/61qMMGkDHfL._AC_UL320_.jpg,Shirts,2026-09-23 10:51:53,2026-09-23 10:51:53
35,B0FMFH11PQ,"Combo of Men’s Casual Cotton Blend Shirt || Long Sleeve Button Down with Spread Collar | Lightweight Breathable Fabric | Stylish Solid Shirt for Beach, Office & Everyday Wear Pack of 2",495.0,INR,https://www.amazon.in/MADHAVISTA-Lightweight-Breathable-Stylish-Everyday/dp/B0FMFH11PQ/ref=sr_1_8?dib=eyJ2IjoiMSJ9.JgblKLLql1-mmVN7-fC3AK_pgfyJLe4SjR5wdIdIN_2gYNePw_6o_HYjADryTzJNyIwgWwaJKjYVCuw4fVQ7Pb7OlA6mT0L9LAAFyqE9kzBMTEKfqj3B3KafUFHQ8pOE7TuYzs4EHzRcMzk2QX5-J6hS8obzPFZWDeh0tH9sUk9d4HcGztlIHI7XbeWaDyAttj9yy_azN3Zuuip582pBO9OHkUzmFsjg5frMydxB7bs4KBscDCUEV3LszWNvLeawVi90IygpJ_jTwVX8rM_ctfc2lmmwNj3P9K4O1teB9E0.cD-DOizG7Uz8Bp0L7aXHAbOWdmd1oVCYrEv_PyWs9io&dib_tag=se&keywords=shirts+for+men&qid=1790140905&sr=8-8,https://m.media-amazon.com/images/I/51h6S4JFlNL._AC_UL320_.jpg,Shirts,2026-09-23 10:51:53,2026-09-23 10:51:53
36,B0BXLMFN4R,Men Polycotton Slim Fit Shirt,525.0,INR,https://www.amazon.in/Indian-Garage-Co-Checkered-1221-SH151-32_Green/dp/B0BXLMFN4R/ref=sr_1_9?dib=eyJ2IjoiMSJ9.JgblKLLql1-mmVN7-fC3AK_pgfyJLe4SjR5wdIdIN_2gYNePw_6o_HYjADryTzJNyIwgWwaJKjYVCuw4fVQ7Pb7OlA6mT0L9LAAFyqE9kzBMTEKfqj3B3KafUFHQ8pOE7TuYzs4EHzRcMzk2QX5-J6hS8obzPFZWDeh0tH9sUk9d4HcGztlIHI7XbeWaDyAttj9yy_azN3Zuuip582pBO9OHkUzmFsjg5frMydxB7bs4KBscDCUEV3LszWNvLeawVi90IygpJ_jTwVX8rM_ctfc2lmmwNj3P9K4O1teB9E0.cD-DOizG7Uz8Bp0L7aXHAbOWdmd1oVCYrEv_PyWs9io&dib_tag=se&keywords=shirts+for+men&qid=1790140905&sr=8-9,https://m.media-amazon.com/images/I/71kc73X3djL._AC_UL320_.jpg,Shirts,2026-09-23 10:51:53,2026-09-23 10:51:53
37,B0DXCYXV3L,Men's Shirt Regular Fit Solid Pattern Linen Cotton with Long Sleeve Collared Neck Standard Length and Button Down Closure Type | Mens Casual Shirts | Man's Formal Shirts,465.0,INR,https://www.amazon.in/NexaFlair-Summer-Regular-Stylish-Everyday-Regular/dp/B0DXCYXV3L/ref=sr_1_10?dib=eyJ2IjoiMSJ9.JgblKLLql1-mmVN7-fC3AK_pgfyJLe4SjR5wdIdIN_2gYNePw_6o_HYjADryTzJNyIwgWwaJKjYVCuw4fVQ7Pb7OlA6mT0L9LAAFyqE9kzBMTEKfqj3B3KafUFHQ8pOE7TuYzs4EHzRcMzk2QX5-J6hS8obzPFZWDeh0tH9sUk9d4HcGztlIHI7XbeWaDyAttj9yy_azN3Zuuip582pBO9OHkUzmFsjg5frMydxB7bs4KBscDCUEV3LszWNvLeawVi90IygpJ_jTwVX8rM_ctfc2lmmwNj3P9K4O1teB9E0.cD-DOizG7Uz8Bp0L7aXHAbOWdmd1oVCYrEv_PyWs9io&dib_tag=se&keywords=shirts+for+men&qid=1790140905&sr=8-10,https://m.media-amazon.com/images/I/81-BeHIhglL._AC_UL320_.jpg,Shirts,2026-09-23 10:51:53,2026-09-23 10:51:53
38,B0H7KK5WS3,Men's Brown Solid Full Sleeve Casual Shirt with Chest Pocket,299.0,INR,https://www.amazon.in/Virast-Fashion-Sleeve-Casual-Regular/dp/B0H7KK5WS3/ref=sr_1_11?dib=eyJ2IjoiMSJ9.JgblKLLql1-mmVN7-fC3AK_pgfyJLe4SjR5wdIdIN_2gYNePw_6o_HYjADryTzJNyIwgWwaJKjYVCuw4fVQ7Pb7OlA6mT0L9LAAFyqE9kzBMTEKfqj3B3KafUFHQ8pOE7TuYzs4EHzRcMzk2QX5-J6hS8obzPFZWDeh0tH9sUk9d4HcGztlIHI7XbeWaDyAttj9yy_azN3Zuuip582pBO9OHkUzmFsjg5frMydxB7bs4KBscDCUEV3LszWNvLeawVi90IygpJ_jTwVX8rM_ctfc2lmmwNj3P9K4O1teB9E0.cD-DOizG7Uz8Bp0L7aXHAbOWdmd1oVCYrEv_PyWs9io&dib_tag=se&keywords=shirts+for+men&qid=1790140905&sr=8-11,https://m.media-amazon.com/images/I/515fJELwMBL._AC_UL320_.jpg,Shirts,2026-09-23 10:51:53,2026-09-23 10:51:53
39,B0CK6KQKTY,Men Classic Slim Fit Pure Cotton Casual Shirt,496.99,INR,https://www.amazon.in/Majestic-Man-Classic-Cotton-X-Large/dp/B0CK6KQKTY/ref=sr_1_12?dib=eyJ2IjoiMSJ9.JgblKLLql1-mmVN7-fC3AK_pgfyJLe4SjR5wdIdIN_2gYNePw_6o_HYjADryTzJNyIwgWwaJKjYVCuw4fVQ7Pb7OlA6mT0L9LAAFyqE9kzBMTEKfqj3B3KafUFHQ8pOE7TuYzs4EHzRcMzk2QX5-J6hS8obzPFZWDeh0tH9sUk9d4HcGztlIHI7XbeWaDyAttj9yy_azN3Zuuip582pBO9OHkUzmFsjg5frMydxB7bs4KBscDCUEV3LszWNvLeawVi90IygpJ_jTwVX8rM_ctfc2lmmwNj3P9K4O1teB9E0.cD-DOizG7Uz8Bp0L7aXHAbOWdmd1oVCYrEv_PyWs9io&dib_tag=se&keywords=shirts+for+men&qid=1790140905&sr=8-12,https://m.media-amazon.com/images/I/61TTRV8-VkL._AC_UL320_.jpg,Shirts,2026-09-23 10:51:53,2026-09-23 10:51:53
40,B087S7688N,Men Slim Fit Checkered Full Sleeves Spread Collar Cotton Casual Shirt,495.0,INR,https://www.amazon.in/Indian-Garage-Co-Shirt-0619-SH04-04/dp/B087S7688N/ref=sr_1_13?dib=eyJ2IjoiMSJ9.JgblKLLql1-mmVN7-fC3AK_pgfyJLe4SjR5wdIdIN_2gYNePw_6o_HYjADryTzJNyIwgWwaJKjYVCuw4fVQ7Pb7OlA6mT0L9LAAFyqE9kzBMTEKfqj3B3KafUFHQ8pOE7TuYzs4EHzRcMzk2QX5-J6hS8obzPFZWDeh0tH9sUk9d4HcGztlIHI7XbeWaDyAttj9yy_azN3Zuuip582pBO9OHkUzmFsjg5frMydxB7bs4KBscDCUEV3LszWNvLeawVi90IygpJ_jTwVX8rM_ctfc2lmmwNj3P9K4O1teB9E0.cD-DOizG7Uz8Bp0L7aXHAbOWdmd1oVCYrEv_PyWs9io&dib_tag=se&keywords=shirts+for+men&qid=1790140905&sr=8-13,https://m.media-amazon.com/images/I/71BfHmJgTtL._AC_UL320_.jpg,Shirts,2026-09-23 10:51:53,2026-09-23 10:51:53
41,B0FJRHRSVZ,Classic Slim Fit Vertical Striped Casual Cotton Shirt,498.98,INR,https://www.amazon.in/Majestic-Man-Classic-Vertical-Striped/dp/B0FJRHRSVZ/ref=sr_1_14?dib=eyJ2IjoiMSJ9.JgblKLLql1-mmVN7-fC3AK_pgfyJLe4SjR5wdIdIN_2gYNePw_6o_HYjADryTzJNyIwgWwaJKjYVCuw4fVQ7Pb7OlA6mT0L9LAAFyqE9kzBMTEKfqj3B3KafUFHQ8pOE7TuYzs4EHzRcMzk2QX5-J6hS8obzPFZWDeh0tH9sUk9d4HcGztlIHI7XbeWaDyAttj9yy_azN3Zuuip582pBO9OHkUzmFsjg5frMydxB7bs4KBscDCUEV3LszWNvLeawVi90IygpJ_jTwVX8rM_ctfc2lmmwNj3P9K4O1teB9E0.cD-DOizG7Uz8Bp0L7aXHAbOWdmd1oVCYrEv_PyWs9io&dib_tag=se&keywords=shirts+for+men&qid=1790140905&sr=8-14,https://m.media-amazon.com/images/I/61RlguPxBNL._AC_UL320_.jpg,Shirts,2026-09-23 10:51:53,2026-09-23 10:51:53
42,B0GGB88C74,Men’s Striped Shirt | Premium Slim Fit Full Sleeve Formal Casual Shirt | Button-Down Cotton Shirt for Office,495.0,INR,https://www.amazon.in/IndoPrimo-Striped-Premium-Button-Down-Cream/dp/B0GGB88C74/ref=sr_1_15?dib=eyJ2IjoiMSJ9.JgblKLLql1-mmVN7-fC3AK_pgfyJLe4SjR5wdIdIN_2gYNePw_6o_HYjADryTzJNyIwgWwaJKjYVCuw4fVQ7Pb7OlA6mT0L9LAAFyqE9kzBMTEKfqj3B3KafUFHQ8pOE7TuYzs4EHzRcMzk2QX5-J6hS8obzPFZWDeh0tH9sUk9d4HcGztlIHI7XbeWaDyAttj9yy_azN3Zuuip582pBO9OHkUzmFsjg5frMydxB7bs4KBscDCUEV3LszWNvLeawVi90IygpJ_jTwVX8rM_ctfc2lmmwNj3P9K4O1teB9E0.cD-DOizG7Uz8Bp0L7aXHAbOWdmd1oVCYrEv_PyWs9io&dib_tag=se&keywords=shirts+for+men&qid=1790140905&sr=8-15,https://m.media-amazon.com/images/I/715o94bVSoL._AC_UL320_.jpg,Shirts,2026-09-23 10:51:53,2026-09-23 10:51:53
43,B0FLK6Q7NV,Girl's & Women's Solid Color V-Neck A-Line Maxi Dress for Women | New Year Party Outfit | Waist Cinched Puff Sleeve Western | Elegant Casual Wear (Dress 246),598.0,INR,https://www.amazon.in/Shasmi-Cinched-Western-246-Brown-XL/dp/B0FLK6Q7NV/ref=sr_1_1?dib=eyJ2IjoiMSJ9.yAcSUOY97KWzYd7X9cLZ9OYCRLvk1kdzVHT0yJlH1WMfNnsZJ35WwtNx8FBmuvQ6cntvzBxOUZBMvQQrsdpjCnRzzkPwyalfioThGgTxrakGnSLoFwoxG76o0GR7nfE_ofFJrpWxXebr-6oxAqad1_NqzzaGfeqt0tLf16xfNF8wdXJ55ts9K5FDqRPrcniYzPSMw_gMHK-O6deMue22McMQGVziF5TKPf6dw_tt_xEO030X4_22hzF6ltIsI4X3vHTaZClVZ9WAGOxOBO-xD-gg0a84IaQ4gYWpSFus6bY.6z3_TAAfhYZ5_0hNS1cKD5fZZ8mHMHhan2fNftsxX-E&dib_tag=se&keywords=dresses+for+women&qid=1790140917&sr=8-1,https://m.media-amazon.com/images/I/61OzjLUVZZL._AC_UL320_.jpg,Dresses,2026-09-23 10:52:05,2026-09-23 10:52:05
44,B0H5KX69R2,Women's Rayon Printed Kurta Set with Dupatta Kurti with Pants Ethnic Traditional Outfit,480.0,INR,https://www.amazon.in/LookMark-Printed-Dupatta-Traditional-AZ-LM-OG2-KS2391/dp/B0H5KX69R2/ref=sr_1_2?dib=eyJ2IjoiMSJ9.yAcSUOY97KWzYd7X9cLZ9OYCRLvk1kdzVHT0yJlH1WMfNnsZJ35WwtNx8FBmuvQ6cntvzBxOUZBMvQQrsdpjCnRzzkPwyalfioThGgTxrakGnSLoFwoxG76o0GR7nfE_ofFJrpWxXebr-6oxAqad1_NqzzaGfeqt0tLf16xfNF8wdXJ55ts9K5FDqRPrcniYzPSMw_gMHK-O6deMue22McMQGVziF5TKPf6dw_tt_xEO030X4_22hzF6ltIsI4X3vHTaZClVZ9WAGOxOBO-xD-gg0a84IaQ4gYWpSFus6bY.6z3_TAAfhYZ5_0hNS1cKD5fZZ8mHMHhan2fNftsxX-E&dib_tag=se&keywords=dresses+for+women&qid=1790140917&sr=8-2,https://m.media-amazon.com/images/I/61UVk6rFvUL._AC_UL320_.jpg,Dresses,2026-09-23 10:52:05,2026-09-23 10:52:05
45,B0GD1GGLLF,"Dress for Women Western Maxi Style, Ethnic Look Outfit for Women, A Line Flared Pattern, Indo Western Dresses, One Piece Long Gown",397.0,INR,https://www.amazon.in/KZULLY-Feminine-Detail-Stylish-Allover/dp/B0GD1GGLLF/ref=sr_1_3?dib=eyJ2IjoiMSJ9.yAcSUOY97KWzYd7X9cLZ9OYCRLvk1kdzVHT0yJlH1WMfNnsZJ35WwtNx8FBmuvQ6cntvzBxOUZBMvQQrsdpjCnRzzkPwyalfioThGgTxrakGnSLoFwoxG76o0GR7nfE_ofFJrpWxXebr-6oxAqad1_NqzzaGfeqt0tLf16xfNF8wdXJ55ts9K5FDqRPrcniYzPSMw_gMHK-O6deMue22McMQGVziF5TKPf6dw_tt_xEO030X4_22hzF6ltIsI4X3vHTaZClVZ9WAGOxOBO-xD-gg0a84IaQ4gYWpSFus6bY.6z3_TAAfhYZ5_0hNS1cKD5fZZ8mHMHhan2fNftsxX-E&dib_tag=se&keywords=dresses+for+women&qid=1790140917&sr=8-3,https://m.media-amazon.com/images/I/61ShDu8G-zL._AC_UL320_.jpg,Dresses,2026-09-23 10:52:05,2026-09-23 10:52:05
46,B0FDWK7PK9,Women's Rayon Printed Anarkali Kurta and Pant with Dupatta Set,799.0,INR,https://www.amazon.in/KLOSIA-Women-Printed-Anarkali-Dupatta/dp/B0FDWK7PK9/ref=sr_1_4?dib=eyJ2IjoiMSJ9.yAcSUOY97KWzYd7X9cLZ9OYCRLvk1kdzVHT0yJlH1WMfNnsZJ35WwtNx8FBmuvQ6cntvzBxOUZBMvQQrsdpjCnRzzkPwyalfioThGgTxrakGnSLoFwoxG76o0GR7nfE_ofFJrpWxXebr-6oxAqad1_NqzzaGfeqt0tLf16xfNF8wdXJ55ts9K5FDqRPrcniYzPSMw_gMHK-O6deMue22McMQGVziF5TKPf6dw_tt_xEO030X4_22hzF6ltIsI4X3vHTaZClVZ9WAGOxOBO-xD-gg0a84IaQ4gYWpSFus6bY.6z3_TAAfhYZ5_0hNS1cKD5fZZ8mHMHhan2fNftsxX-E&dib_tag=se&keywords=dresses+for+women&qid=1790140917&sr=8-4,https://m.media-amazon.com/images/I/71I53evweVL._AC_UL320_.jpg,Dresses,2026-09-23 10:52:05,2026-09-23 10:52:05
47,B0GK9K9WN1,"Dress for Women Western Maxi Style, Indo Western Dresses, One Piece Long Gown, A Line Flared Pattern, Ethnic Look Outfit for Women",660.25,INR,https://www.amazon.in/Modestouze-Attires-Western-Dresses-Pattern/dp/B0GK9K9WN1/ref=sr_1_5?dib=eyJ2IjoiMSJ9.yAcSUOY97KWzYd7X9cLZ9OYCRLvk1kdzVHT0yJlH1WMfNnsZJ35WwtNx8FBmuvQ6cntvzBxOUZBMvQQrsdpjCnRzzkPwyalfioThGgTxrakGnSLoFwoxG76o0GR7nfE_ofFJrpWxXebr-6oxAqad1_NqzzaGfeqt0tLf16xfNF8wdXJ55ts9K5FDqRPrcniYzPSMw_gMHK-O6deMue22McMQGVziF5TKPf6dw_tt_xEO030X4_22hzF6ltIsI4X3vHTaZClVZ9WAGOxOBO-xD-gg0a84IaQ4gYWpSFus6bY.6z3_TAAfhYZ5_0hNS1cKD5fZZ8mHMHhan2fNftsxX-E&dib_tag=se&keywords=dresses+for+women&qid=1790140917&sr=8-5,https://m.media-amazon.com/images/I/61xo8PoxHWL._AC_UL320_.jpg,Dresses,2026-09-23 10:52:05,2026-09-23 10:52:05
48,B0G6X61F61,Girl's & Women's Solid Color V-Neck A-Line Maxi Dress for Women | New Year Party Outfit | Waist Cinched Puff Sleeve Western | Elegant Casual Wear (Dress 246),599.0,INR,https://www.amazon.in/Shasmi-Cinched-Western-Elegant-246/dp/B0G6X61F61/ref=sr_1_6?dib=eyJ2IjoiMSJ9.yAcSUOY97KWzYd7X9cLZ9OYCRLvk1kdzVHT0yJlH1WMfNnsZJ35WwtNx8FBmuvQ6cntvzBxOUZBMvQQrsdpjCnRzzkPwyalfioThGgTxrakGnSLoFwoxG76o0GR7nfE_ofFJrpWxXebr-6oxAqad1_NqzzaGfeqt0tLf16xfNF8wdXJ55ts9K5FDqRPrcniYzPSMw_gMHK-O6deMue22McMQGVziF5TKPf6dw_tt_xEO030X4_22hzF6ltIsI4X3vHTaZClVZ9WAGOxOBO-xD-gg0a84IaQ4gYWpSFus6bY.6z3_TAAfhYZ5_0hNS1cKD5fZZ8mHMHhan2fNftsxX-E&dib_tag=se&keywords=dresses+for+women&qid=1790140917&sr=8-6,https://m.media-amazon.com/images/I/61YMNGixhCL._AC_UL320_.jpg,Dresses,2026-09-23 10:52:05,2026-09-23 10:52:05
49,B0FLK97HWP,Girl's & Women's Solid Color V-Neck A-Line Maxi Dress for Women | New Year Party Outfit | Waist Cinched Puff Sleeve Western | Elegant Casual Wear (Dress 246),596.0,INR,https://www.amazon.in/Shasmi-Cinched-Western-Elegant-246/dp/B0FLK97HWP/ref=sr_1_7?dib=eyJ2IjoiMSJ9.yAcSUOY97KWzYd7X9cLZ9OYCRLvk1kdzVHT0yJlH1WMfNnsZJ35WwtNx8FBmuvQ6cntvzBxOUZBMvQQrsdpjCnRzzkPwyalfioThGgTxrakGnSLoFwoxG76o0GR7nfE_ofFJrpWxXebr-6oxAqad1_NqzzaGfeqt0tLf16xfNF8wdXJ55ts9K5FDqRPrcniYzPSMw_gMHK-O6deMue22McMQGVziF5TKPf6dw_tt_xEO030X4_22hzF6ltIsI4X3vHTaZClVZ9WAGOxOBO-xD-gg0a84IaQ4gYWpSFus6bY.6z3_TAAfhYZ5_0hNS1cKD5fZZ8mHMHhan2fNftsxX-E&dib_tag=se&keywords=dresses+for+women&qid=1790140917&sr=8-7,https://m.media-amazon.com/images/I/61yRuKUl1YL._AC_UL320_.jpg,Dresses,2026-09-23 10:52:05,2026-09-23 10:52:05
50,B0H1HNFN31,Women Printed Anarkali Kurta and Pant Set with Dupatta | Printed Kurta Set | Women Kurta Sets |,799.0,INR,https://www.amazon.in/Nermosa-Printed-Anarkali-Dupatta-Standard/dp/B0H1HNFN31/ref=sr_1_8?dib=eyJ2IjoiMSJ9.yAcSUOY97KWzYd7X9cLZ9OYCRLvk1kdzVHT0yJlH1WMfNnsZJ35WwtNx8FBmuvQ6cntvzBxOUZBMvQQrsdpjCnRzzkPwyalfioThGgTxrakGnSLoFwoxG76o0GR7nfE_ofFJrpWxXebr-6oxAqad1_NqzzaGfeqt0tLf16xfNF8wdXJ55ts9K5FDqRPrcniYzPSMw_gMHK-O6deMue22McMQGVziF5TKPf6dw_tt_xEO030X4_22hzF6ltIsI4X3vHTaZClVZ9WAGOxOBO-xD-gg0a84IaQ4gYWpSFus6bY.6z3_TAAfhYZ5_0hNS1cKD5fZZ8mHMHhan2fNftsxX-E&dib_tag=se&keywords=dresses+for+women&qid=1790140917&sr=8-8,https://m.media-amazon.com/images/I/61arSMdnL8L._AC_UL320_.jpg,Dresses,2026-09-23 10:52:05,2026-09-23 10:52:05
51,B0D9D5YDTW,Women's Viscose Rayon Floral Embroidered Knee Length Dress | V Neck | 3/4 Embroidered Sleeves | Lace Hem | Leather Belt | Boho Casual Western Dress for Women,426.0,INR,https://www.amazon.in/VRVastra-Embroidered-Dress-Women-XXX-Large/dp/B0D9D5YDTW/ref=sr_1_9?dib=eyJ2IjoiMSJ9.yAcSUOY97KWzYd7X9cLZ9OYCRLvk1kdzVHT0yJlH1WMfNnsZJ35WwtNx8FBmuvQ6cntvzBxOUZBMvQQrsdpjCnRzzkPwyalfioThGgTxrakGnSLoFwoxG76o0GR7nfE_ofFJrpWxXebr-6oxAqad1_NqzzaGfeqt0tLf16xfNF8wdXJ55ts9K5FDqRPrcniYzPSMw_gMHK-O6deMue22McMQGVziF5TKPf6dw_tt_xEO030X4_22hzF6ltIsI4X3vHTaZClVZ9WAGOxOBO-xD-gg0a84IaQ4gYWpSFus6bY.6z3_TAAfhYZ5_0hNS1cKD5fZZ8mHMHhan2fNftsxX-E&dib_tag=se&keywords=dresses+for+women&qid=1790140917&sr=8-9,https://m.media-amazon.com/images/I/71oMld-+XlL._AC_UL320_.jpg,Dresses,2026-09-23 10:52:05,2026-09-23 10:52:05
52,B0F5P3MFVG,Women A-Line Midi Dress,789.0,INR,https://www.amazon.in/Max-Womens-Cotton-Blend-HARLOW2D_MID/dp/B0F5P3MFVG/ref=sr_1_10?dib=eyJ2IjoiMSJ9.yAcSUOY97KWzYd7X9cLZ9OYCRLvk1kdzVHT0yJlH1WMfNnsZJ35WwtNx8FBmuvQ6cntvzBxOUZBMvQQrsdpjCnRzzkPwyalfioThGgTxrakGnSLoFwoxG76o0GR7nfE_ofFJrpWxXebr-6oxAqad1_NqzzaGfeqt0tLf16xfNF8wdXJ55ts9K5FDqRPrcniYzPSMw_gMHK-O6deMue22McMQGVziF5TKPf6dw_tt_xEO030X4_22hzF6ltIsI4X3vHTaZClVZ9WAGOxOBO-xD-gg0a84IaQ4gYWpSFus6bY.6z3_TAAfhYZ5_0hNS1cKD5fZZ8mHMHhan2fNftsxX-E&dib_tag=se&keywords=dresses+for+women&qid=1790140917&sr=8-10,https://m.media-amazon.com/images/I/61MCnmBq-jL._AC_UL320_.jpg,Dresses,2026-09-23 10:52:05,2026-09-23 10:52:05
53,B0H7RR4VCT,Solid Asymmetrical Buckle Maxi Dress for Women || Western Dress for Women Dresses || one piece Dress,526.0,INR,https://www.amazon.in/TIVANTE-Asymmetrical-Buckle-Western-Dresses/dp/B0H7RR4VCT/ref=sr_1_11?dib=eyJ2IjoiMSJ9.yAcSUOY97KWzYd7X9cLZ9OYCRLvk1kdzVHT0yJlH1WMfNnsZJ35WwtNx8FBmuvQ6cntvzBxOUZBMvQQrsdpjCnRzzkPwyalfioThGgTxrakGnSLoFwoxG76o0GR7nfE_ofFJrpWxXebr-6oxAqad1_NqzzaGfeqt0tLf16xfNF8wdXJ55ts9K5FDqRPrcniYzPSMw_gMHK-O6deMue22McMQGVziF5TKPf6dw_tt_xEO030X4_22hzF6ltIsI4X3vHTaZClVZ9WAGOxOBO-xD-gg0a84IaQ4gYWpSFus6bY.6z3_TAAfhYZ5_0hNS1cKD5fZZ8mHMHhan2fNftsxX-E&dib_tag=se&keywords=dresses+for+women&qid=1790140917&sr=8-11,https://m.media-amazon.com/images/I/31a3dpLJTrL._AC_UL320_.jpg,Dresses,2026-09-23 10:52:05,2026-09-23 10:52:05
54,B0G6DVQR3J,Women's Rayon Co-Ord Set | Printed Shirt and Pant Set for Women | Casual Two Piece Lounge Outfit | Western Outfit,599.0,INR,https://www.amazon.in/NAINVISH-Printed-Premium-Safari-Comfortable/dp/B0G6DVQR3J/ref=sr_1_12?dib=eyJ2IjoiMSJ9.yAcSUOY97KWzYd7X9cLZ9OYCRLvk1kdzVHT0yJlH1WMfNnsZJ35WwtNx8FBmuvQ6cntvzBxOUZBMvQQrsdpjCnRzzkPwyalfioThGgTxrakGnSLoFwoxG76o0GR7nfE_ofFJrpWxXebr-6oxAqad1_NqzzaGfeqt0tLf16xfNF8wdXJ55ts9K5FDqRPrcniYzPSMw_gMHK-O6deMue22McMQGVziF5TKPf6dw_tt_xEO030X4_22hzF6ltIsI4X3vHTaZClVZ9WAGOxOBO-xD-gg0a84IaQ4gYWpSFus6bY.6z3_TAAfhYZ5_0hNS1cKD5fZZ8mHMHhan2fNftsxX-E&dib_tag=se&keywords=dresses+for+women&qid=1790140917&sr=8-12,https://m.media-amazon.com/images/I/51NYs0EfSaL._AC_UL320_.jpg,Dresses,2026-09-23 10:52:05,2026-09-23 10:52:05
55,B0GYJQRYCH,Women's Floral Pattern Rayon Blend Maxi Dress with Sweetheart Neck Half Puff Sleeve Floor Length and Zipper Closure Type | Maxi Dress for Women Stylish | Dress for Women,695.0,INR,https://www.amazon.in/Modestouze-Attires-Western-Stylish-Vacation/dp/B0GYJQRYCH/ref=sr_1_13?dib=eyJ2IjoiMSJ9.yAcSUOY97KWzYd7X9cLZ9OYCRLvk1kdzVHT0yJlH1WMfNnsZJ35WwtNx8FBmuvQ6cntvzBxOUZBMvQQrsdpjCnRzzkPwyalfioThGgTxrakGnSLoFwoxG76o0GR7nfE_ofFJrpWxXebr-6oxAqad1_NqzzaGfeqt0tLf16xfNF8wdXJ55ts9K5FDqRPrcniYzPSMw_gMHK-O6deMue22McMQGVziF5TKPf6dw_tt_xEO030X4_22hzF6ltIsI4X3vHTaZClVZ9WAGOxOBO-xD-gg0a84IaQ4gYWpSFus6bY.6z3_TAAfhYZ5_0hNS1cKD5fZZ8mHMHhan2fNftsxX-E&dib_tag=se&keywords=dresses+for+women&qid=1790140917&sr=8-13,https://m.media-amazon.com/images/I/71eKFCtyXUL._AC_UL320_.jpg,Dresses,2026-09-23 10:52:05,2026-09-23 10:52:05
56,B0FPB7CF1K,Maxi Dress for Women | Long One Piece Outfit | Casual Western and Stylish Party Outfit | Trendy Summer Fashion for Womens,649.0,INR,https://www.amazon.in/GRECIILOOKS-Elegant-Dresses-Occasions-GL-WD1334-XL-BLUE/dp/B0FPB7CF1K/ref=sr_1_14?dib=eyJ2IjoiMSJ9.yAcSUOY97KWzYd7X9cLZ9OYCRLvk1kdzVHT0yJlH1WMfNnsZJ35WwtNx8FBmuvQ6cntvzBxOUZBMvQQrsdpjCnRzzkPwyalfioThGgTxrakGnSLoFwoxG76o0GR7nfE_ofFJrpWxXebr-6oxAqad1_NqzzaGfeqt0tLf16xfNF8wdXJ55ts9K5FDqRPrcniYzPSMw_gMHK-O6deMue22McMQGVziF5TKPf6dw_tt_xEO030X4_22hzF6ltIsI4X3vHTaZClVZ9WAGOxOBO-xD-gg0a84IaQ4gYWpSFus6bY.6z3_TAAfhYZ5_0hNS1cKD5fZZ8mHMHhan2fNftsxX-E&dib_tag=se&keywords=dresses+for+women&qid=1790140917&sr=8-14,https://m.media-amazon.com/images/I/71fJKbCU4xL._AC_UL320_.jpg,Dresses,2026-09-23 10:52:05,2026-09-23 10:52:05
57,B0GDQBH9HW,Dress for Women | Western Floral Printed One Piece Dress for Women midi | Casual Sleeveless Summer Dresses for Beach & Stylish Party Outifits,499.0,INR,https://www.amazon.in/Leriya-Fashion-Western-Sleeveless-Outifits/dp/B0GDQBH9HW/ref=sr_1_15?dib=eyJ2IjoiMSJ9.yAcSUOY97KWzYd7X9cLZ9OYCRLvk1kdzVHT0yJlH1WMfNnsZJ35WwtNx8FBmuvQ6cntvzBxOUZBMvQQrsdpjCnRzzkPwyalfioThGgTxrakGnSLoFwoxG76o0GR7nfE_ofFJrpWxXebr-6oxAqad1_NqzzaGfeqt0tLf16xfNF8wdXJ55ts9K5FDqRPrcniYzPSMw_gMHK-O6deMue22McMQGVziF5TKPf6dw_tt_xEO030X4_22hzF6ltIsI4X3vHTaZClVZ9WAGOxOBO-xD-gg0a84IaQ4gYWpSFus6bY.6z3_TAAfhYZ5_0hNS1cKD5fZZ8mHMHhan2fNftsxX-E&dib_tag=se&keywords=dresses+for+women&qid=1790140917&sr=8-15,https://m.media-amazon.com/images/I/61O0Db6KRdL._AC_UL320_.jpg,Dresses,2026-09-23 10:52:05,2026-09-23 10:52:05
58,B0GJFCXYMD,Men's Retro Cable-Knit Quarter-Zip Polo | Premium Textured Self-Design Half Sleeve T-Shirt for Men,282.21,INR,https://www.amazon.in/AUSK-Cable-Knit-Quarter-Zip-Textured-Self-Design/dp/B0GJFCXYMD/ref=sr_1_1?dib=eyJ2IjoiMSJ9.pNDhyp9aWJr_Brl-RhDjb74meFEZ8DaOInxiZ1nVdtKAr2tw8Cu1-VrKN6XATImfDaKKDGTUHbUTr5TMH58XuY2bJfnBUkfmfRjgOkbiU51YtECGkfGe7rSaJJeRHQRsD4l0z9XPnjYXyRmm2oOFb5wPJZI3H3vVaEuZ2B137_wPg2qXfoMe5JnhTb42wMxW2fzonIBLX6znKxhBOq0oPMCmkHx3n9hcvDpId-GCON8YMz8KyLNHEMrib00y61_yD7rLTBY6fvO6j6CJV3FwArASobL2wnIrtOWL6jZ4cDU.E4Xn0El9Fv0l9VjEOzys4Hqnp_IFMifP26KBC1LO_HE&dib_tag=se&keywords=t-shirts&qid=1790140929&sr=8-1,https://m.media-amazon.com/images/I/51o3uMcvGSL._AC_UL320_.jpg,T-Shirts,2026-09-23 10:52:19,2026-09-23 10:52:19
59,B0DP7PQX5Y,Polo T Shirt for Men || T Shirt for Man || Collar T Shirt Style Men (Packs Also Available) (Polo-40-43),399.0,INR,https://www.amazon.in/Lymio-T-Shirt-40-43-Regular/dp/B0DP7PQX5Y/ref=sr_1_2?dib=eyJ2IjoiMSJ9.pNDhyp9aWJr_Brl-RhDjb74meFEZ8DaOInxiZ1nVdtKAr2tw8Cu1-VrKN6XATImfDaKKDGTUHbUTr5TMH58XuY2bJfnBUkfmfRjgOkbiU51YtECGkfGe7rSaJJeRHQRsD4l0z9XPnjYXyRmm2oOFb5wPJZI3H3vVaEuZ2B137_wPg2qXfoMe5JnhTb42wMxW2fzonIBLX6znKxhBOq0oPMCmkHx3n9hcvDpId-GCON8YMz8KyLNHEMrib00y61_yD7rLTBY6fvO6j6CJV3FwArASobL2wnIrtOWL6jZ4cDU.E4Xn0El9Fv0l9VjEOzys4Hqnp_IFMifP26KBC1LO_HE&dib_tag=se&keywords=t-shirts&qid=1790140929&sr=8-2,https://m.media-amazon.com/images/I/61xTfKaqUlL._AC_UL320_.jpg,T-Shirts,2026-09-23 10:52:19,2026-09-23 10:52:19
60,B0GSGXFK4G,100% Cotton Oversized T-Shirt Unisex Drop Shoulder Dye Washed Street Look Black Pack of 1,330.0,INR,https://www.amazon.in/boffi-Oversized-T-Shirt-Shoulder-Regular/dp/B0GSGXFK4G/ref=sr_1_3?dib=eyJ2IjoiMSJ9.pNDhyp9aWJr_Brl-RhDjb74meFEZ8DaOInxiZ1nVdtKAr2tw8Cu1-VrKN6XATImfDaKKDGTUHbUTr5TMH58XuY2bJfnBUkfmfRjgOkbiU51YtECGkfGe7rSaJJeRHQRsD4l0z9XPnjYXyRmm2oOFb5wPJZI3H3vVaEuZ2B137_wPg2qXfoMe5JnhTb42wMxW2fzonIBLX6znKxhBOq0oPMCmkHx3n9hcvDpId-GCON8YMz8KyLNHEMrib00y61_yD7rLTBY6fvO6j6CJV3FwArASobL2wnIrtOWL6jZ4cDU.E4Xn0El9Fv0l9VjEOzys4Hqnp_IFMifP26KBC1LO_HE&dib_tag=se&keywords=t-shirts&qid=1790140929&sr=8-3,https://m.media-amazon.com/images/I/61w6tzMVuRL._AC_UL320_.jpg,T-Shirts,2026-09-23 10:52:19,2026-09-23 10:52:19
61,B0GKV18R4N,Baggy Hip-Hop T-Shirt for Men - Graphic Printed T Shirts || Oversized Men Tshirt || T-Shirts,270.0,INR,https://www.amazon.in/AUSK-Baggy-Hip-Hop-T-Shirt-Men/dp/B0GKV18R4N/ref=sr_1_4?dib=eyJ2IjoiMSJ9.pNDhyp9aWJr_Brl-RhDjb74meFEZ8DaOInxiZ1nVdtKAr2tw8Cu1-VrKN6XATImfDaKKDGTUHbUTr5TMH58XuY2bJfnBUkfmfRjgOkbiU51YtECGkfGe7rSaJJeRHQRsD4l0z9XPnjYXyRmm2oOFb5wPJZI3H3vVaEuZ2B137_wPg2qXfoMe5JnhTb42wMxW2fzonIBLX6znKxhBOq0oPMCmkHx3n9hcvDpId-GCON8YMz8KyLNHEMrib00y61_yD7rLTBY6fvO6j6CJV3FwArASobL2wnIrtOWL6jZ4cDU.E4Xn0El9Fv0l9VjEOzys4Hqnp_IFMifP26KBC1LO_HE&dib_tag=se&keywords=t-shirts&qid=1790140929&sr=8-4,https://m.media-amazon.com/images/I/51kJ2ga3xUL._AC_UL320_.jpg,T-Shirts,2026-09-23 10:52:19,2026-09-23 10:52:19
62,B0DJYKXSQR,Trendy Printed Cotton Blend Crew Neck/Round Neck Half Sleeve Tshirt for Men - Pack of 3,473.0,INR,https://www.amazon.in/BULLMER-Trendy-Printed-Cotton-Regular/dp/B0DJYKXSQR/ref=sr_1_5?dib=eyJ2IjoiMSJ9.pNDhyp9aWJr_Brl-RhDjb74meFEZ8DaOInxiZ1nVdtKAr2tw8Cu1-VrKN6XATImfDaKKDGTUHbUTr5TMH58XuY2bJfnBUkfmfRjgOkbiU51YtECGkfGe7rSaJJeRHQRsD4l0z9XPnjYXyRmm2oOFb5wPJZI3H3vVaEuZ2B137_wPg2qXfoMe5JnhTb42wMxW2fzonIBLX6znKxhBOq0oPMCmkHx3n9hcvDpId-GCON8YMz8KyLNHEMrib00y61_yD7rLTBY6fvO6j6CJV3FwArASobL2wnIrtOWL6jZ4cDU.E4Xn0El9Fv0l9VjEOzys4Hqnp_IFMifP26KBC1LO_HE&dib_tag=se&keywords=t-shirts&qid=1790140929&sr=8-5,https://m.media-amazon.com/images/I/61D2GVIp-RL._AC_UL320_.jpg,T-Shirts,2026-09-23 10:52:19,2026-09-23 10:52:19
63,B07MZKNLGF,Men's Cotton Rich Solid Polo Tshirt | Collar Tshirts | Half Sleeves | Plain-Regular Fit (Available in Plus Sizes and Combo Pack of 2),399.0,INR,https://www.amazon.in/Amazon-Brand-Symbol-Polo_SS19PLS2_Fog-Teal_Medium/dp/B07MZKNLGF/ref=sr_1_6?dib=eyJ2IjoiMSJ9.pNDhyp9aWJr_Brl-RhDjb74meFEZ8DaOInxiZ1nVdtKAr2tw8Cu1-VrKN6XATImfDaKKDGTUHbUTr5TMH58XuY2bJfnBUkfmfRjgOkbiU51YtECGkfGe7rSaJJeRHQRsD4l0z9XPnjYXyRmm2oOFb5wPJZI3H3vVaEuZ2B137_wPg2qXfoMe5JnhTb42wMxW2fzonIBLX6znKxhBOq0oPMCmkHx3n9hcvDpId-GCON8YMz8KyLNHEMrib00y61_yD7rLTBY6fvO6j6CJV3FwArASobL2wnIrtOWL6jZ4cDU.E4Xn0El9Fv0l9VjEOzys4Hqnp_IFMifP26KBC1LO_HE&dib_tag=se&keywords=t-shirts&qid=1790140929&sr=8-6,https://m.media-amazon.com/images/I/713n+TxyfCL._AC_UL320_.jpg,T-Shirts,2026-09-23 10:52:19,2026-09-23 10:52:19
64,B0FHDL7JY8,Men's Half Sleeve Round Neck Cottonblend Graphic Print Oversized,298.0,INR,https://www.amazon.in/LEOTUDE-Cottonblend-Graphic-Oversized-FS49_Navy_Boston_P_Navy/dp/B0FHDL7JY8/ref=sr_1_7?dib=eyJ2IjoiMSJ9.pNDhyp9aWJr_Brl-RhDjb74meFEZ8DaOInxiZ1nVdtKAr2tw8Cu1-VrKN6XATImfDaKKDGTUHbUTr5TMH58XuY2bJfnBUkfmfRjgOkbiU51YtECGkfGe7rSaJJeRHQRsD4l0z9XPnjYXyRmm2oOFb5wPJZI3H3vVaEuZ2B137_wPg2qXfoMe5JnhTb42wMxW2fzonIBLX6znKxhBOq0oPMCmkHx3n9hcvDpId-GCON8YMz8KyLNHEMrib00y61_yD7rLTBY6fvO6j6CJV3FwArASobL2wnIrtOWL6jZ4cDU.E4Xn0El9Fv0l9VjEOzys4Hqnp_IFMifP26KBC1LO_HE&dib_tag=se&keywords=t-shirts&qid=1790140929&sr=8-7,https://m.media-amazon.com/images/I/61WYx598KKL._AC_UL320_.jpg,T-Shirts,2026-09-23 10:52:19,2026-09-23 10:52:19
65,B06Y2CH63N,"Men’s Polo T‑Shirt | Comfortable Rich Cotton Blend, Band Collar, Regular Fit | Stylish & Premium All Day Wear",739.0,INR,https://www.amazon.in/Allen-Solly-Regular-AMKP317G04249_Jet-Black_X-Large/dp/B06Y2CH63N/ref=sr_1_8?dib=eyJ2IjoiMSJ9.pNDhyp9aWJr_Brl-RhDjb74meFEZ8DaOInxiZ1nVdtKAr2tw8Cu1-VrKN6XATImfDaKKDGTUHbUTr5TMH58XuY2bJfnBUkfmfRjgOkbiU51YtECGkfGe7rSaJJeRHQRsD4l0z9XPnjYXyRmm2oOFb5wPJZI3H3vVaEuZ2B137_wPg2qXfoMe5JnhTb42wMxW2fzonIBLX6znKxhBOq0oPMCmkHx3n9hcvDpId-GCON8YMz8KyLNHEMrib00y61_yD7rLTBY6fvO6j6CJV3FwArASobL2wnIrtOWL6jZ4cDU.E4Xn0El9Fv0l9VjEOzys4Hqnp_IFMifP26KBC1LO_HE&dib_tag=se&keywords=t-shirts&qid=1790140929&sr=8-8,https://m.media-amazon.com/images/I/61yAbOVbQ6L._AC_UL320_.jpg,T-Shirts,2026-09-23 10:52:19,2026-09-23 10:52:19
66,B0GKV3BNWF,"Men Printed Polo Neck Cotton Blend T-Shirt (Regular Fit, Half Sleeve) || Tshirts for Mens",270.0,INR,https://www.amazon.in/AUSK-Printed-T-Shirt-Regular-Tshirts/dp/B0GKV3BNWF/ref=sr_1_9?dib=eyJ2IjoiMSJ9.pNDhyp9aWJr_Brl-RhDjb74meFEZ8DaOInxiZ1nVdtKAr2tw8Cu1-VrKN6XATImfDaKKDGTUHbUTr5TMH58XuY2bJfnBUkfmfRjgOkbiU51YtECGkfGe7rSaJJeRHQRsD4l0z9XPnjYXyRmm2oOFb5wPJZI3H3vVaEuZ2B137_wPg2qXfoMe5JnhTb42wMxW2fzonIBLX6znKxhBOq0oPMCmkHx3n9hcvDpId-GCON8YMz8KyLNHEMrib00y61_yD7rLTBY6fvO6j6CJV3FwArASobL2wnIrtOWL6jZ4cDU.E4Xn0El9Fv0l9VjEOzys4Hqnp_IFMifP26KBC1LO_HE&dib_tag=se&keywords=t-shirts&qid=1790140929&sr=8-9,https://m.media-amazon.com/images/I/51uzisX1fyL._AC_UL320_.jpg,T-Shirts,2026-09-23 10:52:19,2026-09-23 10:52:19
67,B09XMV6125,Men's Regular Fit Insignia Half Sleeve Polo T-Shirt | Cotton Rich | Premium Pique Weave,637.0,INR,https://www.amazon.in/Peter-England-Regular-Shirt-PCKPSRGP483904_Green/dp/B09XMV6125/ref=sr_1_10?dib=eyJ2IjoiMSJ9.pNDhyp9aWJr_Brl-RhDjb74meFEZ8DaOInxiZ1nVdtKAr2tw8Cu1-VrKN6XATImfDaKKDGTUHbUTr5TMH58XuY2bJfnBUkfmfRjgOkbiU51YtECGkfGe7rSaJJeRHQRsD4l0z9XPnjYXyRmm2oOFb5wPJZI3H3vVaEuZ2B137_wPg2qXfoMe5JnhTb42wMxW2fzonIBLX6znKxhBOq0oPMCmkHx3n9hcvDpId-GCON8YMz8KyLNHEMrib00y61_yD7rLTBY6fvO6j6CJV3FwArASobL2wnIrtOWL6jZ4cDU.E4Xn0El9Fv0l9VjEOzys4Hqnp_IFMifP26KBC1LO_HE&dib_tag=se&keywords=t-shirts&qid=1790140929&sr=8-10,https://m.media-amazon.com/images/I/61D2tQq2tJL._AC_UL320_.jpg,T-Shirts,2026-09-23 10:52:19,2026-09-23 10:52:19
68,B0BPCYCDKR,Men Polyester Regular Fit T-Shirt,395.0,INR,https://www.amazon.in/FTX-Polyester-Regular-T-Shirt-Multicolor/dp/B0BPCYCDKR/ref=sr_1_11?dib=eyJ2IjoiMSJ9.pNDhyp9aWJr_Brl-RhDjb74meFEZ8DaOInxiZ1nVdtKAr2tw8Cu1-VrKN6XATImfDaKKDGTUHbUTr5TMH58XuY2bJfnBUkfmfRjgOkbiU51YtECGkfGe7rSaJJeRHQRsD4l0z9XPnjYXyRmm2oOFb5wPJZI3H3vVaEuZ2B137_wPg2qXfoMe5JnhTb42wMxW2fzonIBLX6znKxhBOq0oPMCmkHx3n9hcvDpId-GCON8YMz8KyLNHEMrib00y61_yD7rLTBY6fvO6j6CJV3FwArASobL2wnIrtOWL6jZ4cDU.E4Xn0El9Fv0l9VjEOzys4Hqnp_IFMifP26KBC1LO_HE&dib_tag=se&keywords=t-shirts&qid=1790140929&sr=8-11,https://m.media-amazon.com/images/I/71+RZzHylcL._AC_UL320_.jpg,T-Shirts,2026-09-23 10:52:19,2026-09-23 10:52:19
69,B0H9DT2LWY,"Men's Polycotton Round Neck T-Shirt | Full Sleeve Casual T-Shirt for Men | Soft, Breathable Regular Fit for Everyday Wear",299.0,INR,https://www.amazon.in/Imsa-Moda-Polycotton-Breathable-Everyday/dp/B0H9DT2LWY/ref=sr_1_12?dib=eyJ2IjoiMSJ9.pNDhyp9aWJr_Brl-RhDjb74meFEZ8DaOInxiZ1nVdtKAr2tw8Cu1-VrKN6XATImfDaKKDGTUHbUTr5TMH58XuY2bJfnBUkfmfRjgOkbiU51YtECGkfGe7rSaJJeRHQRsD4l0z9XPnjYXyRmm2oOFb5wPJZI3H3vVaEuZ2B137_wPg2qXfoMe5JnhTb42wMxW2fzonIBLX6znKxhBOq0oPMCmkHx3n9hcvDpId-GCON8YMz8KyLNHEMrib00y61_yD7rLTBY6fvO6j6CJV3FwArASobL2wnIrtOWL6jZ4cDU.E4Xn0El9Fv0l9VjEOzys4Hqnp_IFMifP26KBC1LO_HE&dib_tag=se&keywords=t-shirts&qid=1790140929&sr=8-12,https://m.media-amazon.com/images/I/61AJceOC6pL._AC_UL320_.jpg,T-Shirts,2026-09-23 10:52:19,2026-09-23 10:52:19
70,B076CMJXML,Men's Cotton Solid Regular Fit Collar Polo T-Shirt,739.0,INR,https://www.amazon.in/Van-Heusen-Solid-Regular-VSKP517S011419_Nautical_Large/dp/B076CMJXML/ref=sr_1_13?dib=eyJ2IjoiMSJ9.pNDhyp9aWJr_Brl-RhDjb74meFEZ8DaOInxiZ1nVdtKAr2tw8Cu1-VrKN6XATImfDaKKDGTUHbUTr5TMH58XuY2bJfnBUkfmfRjgOkbiU51YtECGkfGe7rSaJJeRHQRsD4l0z9XPnjYXyRmm2oOFb5wPJZI3H3vVaEuZ2B137_wPg2qXfoMe5JnhTb42wMxW2fzonIBLX6znKxhBOq0oPMCmkHx3n9hcvDpId-GCON8YMz8KyLNHEMrib00y61_yD7rLTBY6fvO6j6CJV3FwArASobL2wnIrtOWL6jZ4cDU.E4Xn0El9Fv0l9VjEOzys4Hqnp_IFMifP26KBC1LO_HE&dib_tag=se&keywords=t-shirts&qid=1790140929&sr=8-13,https://m.media-amazon.com/images/I/51xOEh5DKYL._AC_UL320_.jpg,T-Shirts,2026-09-23 10:52:19,2026-09-23 10:52:19
71,B0H5QYXSMM,Colorblock Men Round Neck Multicolor T-Shirt,249.0,INR,https://www.amazon.in/Colorblock-Round-Neck-Black-T-Shirt/dp/B0H5QYXSMM/ref=sr_1_14?dib=eyJ2IjoiMSJ9.pNDhyp9aWJr_Brl-RhDjb74meFEZ8DaOInxiZ1nVdtKAr2tw8Cu1-VrKN6XATImfDaKKDGTUHbUTr5TMH58XuY2bJfnBUkfmfRjgOkbiU51YtECGkfGe7rSaJJeRHQRsD4l0z9XPnjYXyRmm2oOFb5wPJZI3H3vVaEuZ2B137_wPg2qXfoMe5JnhTb42wMxW2fzonIBLX6znKxhBOq0oPMCmkHx3n9hcvDpId-GCON8YMz8KyLNHEMrib00y61_yD7rLTBY6fvO6j6CJV3FwArASobL2wnIrtOWL6jZ4cDU.E4Xn0El9Fv0l9VjEOzys4Hqnp_IFMifP26KBC1LO_HE&dib_tag=se&keywords=t-shirts&qid=1790140929&sr=8-14,https://m.media-amazon.com/images/I/61tjIa-nuCL._AC_UL320_.jpg,T-Shirts,2026-09-23 10:52:19,2026-09-23 10:52:19
72,B0D3975PCB,Men Cotton Half Sleeves Round Neck Regular Fit Casual T-Shirt,279.0,INR,https://www.amazon.in/Lux-Cozi-Maroon-Cotton-Tshirt/dp/B0D3975PCB/ref=sr_1_15?dib=eyJ2IjoiMSJ9.pNDhyp9aWJr_Brl-RhDjb74meFEZ8DaOInxiZ1nVdtKAr2tw8Cu1-VrKN6XATImfDaKKDGTUHbUTr5TMH58XuY2bJfnBUkfmfRjgOkbiU51YtECGkfGe7rSaJJeRHQRsD4l0z9XPnjYXyRmm2oOFb5wPJZI3H3vVaEuZ2B137_wPg2qXfoMe5JnhTb42wMxW2fzonIBLX6znKxhBOq0oPMCmkHx3n9hcvDpId-GCON8YMz8KyLNHEMrib00y61_yD7rLTBY6fvO6j6CJV3FwArASobL2wnIrtOWL6jZ4cDU.E4Xn0El9Fv0l9VjEOzys4Hqnp_IFMifP26KBC1LO_HE&dib_tag=se&keywords=t-shirts&qid=1790140929&sr=8-15,https://m.media-amazon.com/images/I/61MJ6BrekXL._AC_UL320_.jpg,T-Shirts,2026-09-23 10:52:19,2026-09-23 10:52:19
