id,user_id,product_id,status,created_at,completed_at,processing_time
1,1,4,FAILED,2026-08-29 22:44:27,2026-08-29 22:44:36,9
2,1,11,COMPLETED,2026-08-29 22:44:27,2026-08-29 22:44:39,12
3,1,9,COMPLETED,2026-09-06 09:44:27,2026-09-06 09:44:39,12
4,1,7,COMPLETED,2026-09-06 09:44:27,2026-09-06 09:44:35,8
5,1,2,COMPLETED,2026-09-16 20:44:27,2026-09-16 20:44:41,14
6,1,5,FAILED,2026-09-16 20:44:27,2026-09-16 20:44:37,10
7,1,10,COMPLETED,2026-09-04 10:44:27,2026-09-04 10:44:44,17
8,1,12,COMPLETED,2026-09-04 10:44:27,2026-09-04 10:44:38,11
9,2,2,COMPLETED,2026-08-31 20:44:27,2026-08-31 20:44:35,8
10,2,11,FAILED,2026-08-31 20:44:27,2026-08-31 20:44:40,13
11,2,11,FAILED,2026-09-18 04:44:27,2026-09-18 04:44:42,15
12,2,8,COMPLETED,2026-09-18 04:44:27,2026-09-18 04:44:31,4
13,2,1,COMPLETED,2026-09-18 04:44:27,2026-09-18 04:44:42,15
14,2,1,COMPLETED,2026-08-29 21:44:27,2026-08-29 21:44:35,8
15,2,3,COMPLETED,2026-08-29 21:44:27,2026-08-29 21:44:33,6
16,2,8,COMPLETED,2026-09-09 06:44:27,2026-09-09 06:44:39,12
17,2,10,COMPLETED,2026-09-09 06:44:27,2026-09-09 06:44:36,9
18,3,7,COMPLETED,2026-09-14 01:44:27,2026-09-14 01:44:43,16
19,3,8,COMPLETED,2026-09-14 01:44:27,2026-09-14 01:44:31,4
20,3,3,COMPLETED,2026-09-04 17:44:27,2026-09-04 17:44:36,9
21,3,12,COMPLETED,2026-09-11 00:44:27,2026-09-11 00:44:38,11
22,3,9,COMPLETED,2026-09-11 00:44:27,2026-09-11 00:44:38,11
23,3,6,COMPLETED,2026-09-11 00:44:27,2026-09-11 00:44:35,8
24,4,2,COMPLETED,2026-09-14 17:44:27,2026-09-14 17:44:43,16
25,4,5,COMPLETED,2026-09-14 17:44:27,2026-09-14 17:44:31,4
26,4,7,COMPLETED,2026-09-02 18:44:27,2026-09-02 18:44:42,15
27,4,4,COMPLETED,2026-09-06 08:44:27,2026-09-06 08:44:41,14
28,4,10,COMPLETED,2026-09-06 08:44:27,2026-09-06 08:44:32,5
29,4,4,COMPLETED,2026-09-15 14:44:27,2026-09-15 14:44:32,5
30,4,10,FAILED,2026-09-15 14:44:27,2026-09-15 14:44:42,15
31,4,4,COMPLETED,2026-09-14 00:44:27,2026-09-14 00:44:39,12
32,4,10,COMPLETED,2026-09-14 00:44:27,2026-09-14 00:44:41,14
33,4,2,COMPLETED,2026-09-07 09:44:27,2026-09-07 09:44:44,17
34,4,1,COMPLETED,2026-09-07 09:44:27,2026-09-07 09:44:35,8
35,4,9,COMPLETED,2026-08-30 19:44:27,2026-08-30 19:44:33,6
36,4,7,COMPLETED,2026-08-30 19:44:27,2026-08-30 19:44:38,11
37,5,10,COMPLETED,2026-09-13 10:44:27,2026-09-13 10:44:42,15
38,5,7,COMPLETED,2026-09-03 05:44:27,2026-09-03 05:44:42,15
39,5,8,FAILED,2026-09-03 05:44:27,2026-09-03 05:44:44,17
40,5,6,FAILED,2026-09-10 22:44:27,2026-09-10 22:44:32,5
41,5,8,COMPLETED,2026-09-10 22:44:27,2026-09-10 22:44:39,12
42,5,10,COMPLETED,2026-08-29 03:44:27,2026-08-29 03:44:31,4
43,5,10,FAILED,2026-09-16 16:44:27,2026-09-16 16:44:44,17
44,5,1,COMPLETED,2026-09-17 04:44:27,2026-09-17 04:44:42,15
45,5,3,COMPLETED,2026-09-17 04:44:27,2026-09-17 04:44:38,11
46,6,6,COMPLETED,2026-09-18 02:44:27,2026-09-18 02:44:45,18
47,6,8,COMPLETED,2026-09-18 02:44:27,2026-09-18 02:44:33,6
48,6,4,COMPLETED,2026-09-06 19:44:27,2026-09-06 19:44:45,18
49,6,10,COMPLETED,2026-09-06 19:44:27,2026-09-06 19:44:36,9
50,6,2,COMPLETED,2026-09-12 15:44:27,2026-09-12 15:44:36,9
51,6,5,COMPLETED,2026-09-12 15:44:27,2026-09-12 15:44:35,8
52,6,4,COMPLETED,2026-09-04 05:44:27,2026-09-04 05:44:37,10
53,6,10,COMPLETED,2026-09-04 05:44:27,2026-09-04 05:44:45,18
54,6,1,COMPLETED,2026-08-31 15:44:27,2026-08-31 15:44:33,6
55,6,3,COMPLETED,2026-08-31 15:44:27,2026-08-31 15:44:42,15
56,6,6,COMPLETED,2026-08-30 05:44:27,2026-08-30 05:44:36,9
57,6,8,COMPLETED,2026-08-30 05:44:27,2026-08-30 05:44:38,11
58,6,1,COMPLETED,2026-09-09 03:44:27,2026-09-09 03:44:33,6
59,6,10,COMPLETED,2026-09-09 03:44:27,2026-09-09 03:44:39,12
60,6,6,COMPLETED,2026-09-09 03:44:27,2026-09-09 03:44:43,16
61,7,2,COMPLETED,2026-09-16 18:44:27,2026-09-16 18:44:35,8
62,7,5,COMPLETED,2026-09-16 18:44:27,2026-09-16 18:44:33,6
63,7,4,COMPLETED,2026-09-09 23:44:27,2026-09-09 23:44:42,15
64,7,10,COMPLETED,2026-09-09 23:44:27,2026-09-09 23:44:33,6
65,7,4,COMPLETED,2026-09-15 22:44:27,2026-09-15 22:44:37,10
66,7,10,COMPLETED,2026-09-15 22:44:27,2026-09-15 22:44:36,9
67,7,3,COMPLETED,2026-09-16 02:44:27,2026-09-16 02:44:36,9
68,7,9,COMPLETED,2026-09-16 02:44:27,2026-09-16 02:44:32,5
69,7,12,COMPLETED,2026-08-28 18:44:27,2026-08-28 18:44:40,13
70,7,4,FAILED,2026-09-11 05:44:27,2026-09-11 05:44:34,7
71,7,10,COMPLETED,2026-09-11 05:44:27,2026-09-11 05:44:35,8
72,7,8,COMPLETED,2026-09-14 03:44:27,2026-09-14 03:44:40,13
73,7,9,COMPLETED,2026-09-14 03:44:27,2026-09-14 03:44:37,10
74,8,6,COMPLETED,2026-09-12 20:44:27,2026-09-12 20:44:35,8
75,8,4,COMPLETED,2026-09-10 01:44:27,2026-09-10 01:44:37,10
76,8,10,COMPLETED,2026-09-10 01:44:27,2026-09-10 01:44:36,9
77,8,4,FAILED,2026-09-16 10:44:27,2026-09-16 10:44:34,7
78,8,10,COMPLETED,2026-09-16 10:44:27,2026-09-16 10:44:40,13
79,8,6,FAILED,2026-09-11 01:44:27,2026-09-11 01:44:33,6
80,8,8,COMPLETED,2026-09-11 01:44:27,2026-09-11 01:44:41,14
81,8,4,COMPLETED,2026-09-01 01:44:27,2026-09-01 01:44:37,10
82,8,10,COMPLETED,2026-09-01 01:44:27,2026-09-01 01:44:36,9
83,9,2,COMPLETED,2026-09-07 04:44:27,2026-09-07 04:44:42,15
84,9,5,COMPLETED,2026-09-07 04:44:27,2026-09-07 04:44:43,16
85,9,2,COMPLETED,2026-09-11 20:44:27,2026-09-11 20:44:35,8
86,9,5,COMPLETED,2026-09-11 20:44:27,2026-09-11 20:44:45,18
87,9,9,FAILED,2026-09-11 20:44:27,2026-09-11 20:44:43,16
88,9,2,COMPLETED,2026-09-02 09:44:27,2026-09-02 09:44:35,8
89,9,5,FAILED,2026-09-02 09:44:27,2026-09-02 09:44:42,15
90,9,6,FAILED,2026-09-09 09:44:27,2026-09-09 09:44:43,16
91,9,8,COMPLETED,2026-09-09 09:44:27,2026-09-09 09:44:35,8
92,9,1,COMPLETED,2026-09-07 13:44:27,2026-09-07 13:44:32,5
93,9,3,FAILED,2026-09-07 13:44:27,2026-09-07 13:44:33,6
94,9,10,FAILED,2026-09-04 19:44:27,2026-09-04 19:44:32,5
95,9,11,COMPLETED,2026-09-04 19:44:27,2026-09-04 19:44:40,13
96,10,1,COMPLETED,2026-09-15 00:44:27,2026-09-15 00:44:36,9
97,10,3,COMPLETED,2026-09-15 00:44:27,2026-09-15 00:44:32,5
98,10,6,COMPLETED,2026-09-01 17:44:27,2026-09-01 17:44:34,7
99,10,8,COMPLETED,2026-09-01 17:44:27,2026-09-01 17:44:40,13
100,10,1,COMPLETED,2026-08-30 13:44:27,2026-08-30 13:44:37,10
101,10,3,COMPLETED,2026-08-30 13:44:27,2026-08-30 13:44:36,9
102,10,2,COMPLETED,2026-08-29 14:44:27,2026-08-29 14:44:37,10
103,10,5,COMPLETED,2026-08-29 14:44:27,2026-08-29 14:44:31,4
104,10,2,COMPLETED,2026-09-04 04:44:27,2026-09-04 04:44:43,16
105,10,5,COMPLETED,2026-09-04 04:44:27,2026-09-04 04:44:33,6
